A_bl,b3,PBR_eff,L0,L_ol0
7.241472688750162368e-01,-1.209711049571836859e-02,1.318326123719245180e+00,1.931048916851717090e+00,9.513886588279308398e+01
9.577083433521280664e-01,-1.602668054627018682e-02,1.951301894600946607e+00,1.941945701440789263e+00,8.660012292821483991e-11
5.159898832082567832e-01,-8.991405376981854644e-03,1.185799128072552833e+00,1.854866137845413210e+00,7.746097710344615450e+01
8.258708907264314947e-01,-1.398867228297152702e-02,3.864068612228127031e-01,1.917360782448081613e+00,1.924660407091446359e+02
8.576272031720812983e-01,-1.483912392350155568e-02,2.101856565592610693e+00,1.943073376640132244e+00,7.217375337339797525e+00
6.167332679245830507e-01,-1.063207672312641537e-02,1.035639407723297989e+00,1.900420399252006565e+00,1.509833805163907812e+02
6.377010987676158260e-01,-1.053505151721435308e-02,1.403491395548454923e+00,1.918470266913843147e+00,1.350713191073588746e+02
9.355315513280245687e-01,-1.517713689812754708e-02,3.496714978441279875e+00,1.938514167728500270e+00,1.228575958072390645e-14
1.024376812486640143e+00,-1.608732382564326963e-02,2.319705681262317576e+00,1.949554836650713385e+00,1.796677741489995143e-06
6.108886080494141391e-01,-1.019273725523365051e-02,1.090446942704535616e-15,1.876665742653303326e+00,1.683642398272725131e+02
6.118710867159470324e-01,-9.621642193443916830e-03,1.087892960314497115e+00,1.936988102764878539e+00,1.071640950921762965e+02
9.681423679390795956e-01,-1.528871024795265543e-02,2.158842521154579863e+00,1.960067672655067650e+00,2.505688440113625911e-10
7.746776515686819575e-01,-1.225067195072777719e-02,2.261381442788843454e+00,1.975709594232289756e+00,6.148796458074724358e-09
8.236176591997524943e-01,-1.373247911863201103e-02,4.397487709528780653e-01,1.889331053917367997e+00,1.113632404595735750e+02
6.152122768894869864e-01,-1.018800305958479473e-02,1.744644877891987855e+00,1.879942687798311640e+00,1.241449223788645781e+02
7.762857549720324490e-01,-1.343457872772808176e-02,2.792896009417253467e+00,1.884654546976839429e+00,2.927039270626848322e-01
7.332045578331078950e-01,-1.338876861167918007e-02,2.816797147839929849e+00,1.948999119578007644e+00,1.908324121011608108e-07
6.459150340436664584e-01,-1.067561899375073578e-02,2.240935244245827462e+00,1.951222245556868184e+00,4.471071161178734179e-09
5.401113499013885377e-01,-9.206483866778398736e-03,1.138624701599944000e+00,1.842680337477822450e+00,1.246644962153570901e+02
7.490729360958251482e-01,-1.209584194092771896e-02,1.768402105442570260e+00,1.955426968256270159e+00,1.298231402914747434e+02
8.662000194498248318e-01,-1.442432938947445405e-02,1.439834177801920800e+00,1.923149755644153247e+00,2.789934737882366633e+01
6.025270110487894737e-01,-1.054979604567697973e-02,1.985938594286147607e+00,1.877465117063449762e+00,1.037393488159383104e+01
8.341377530246141259e-01,-1.402548379851683256e-02,1.688653228128654593e+00,1.907085347141265208e+00,1.580825719171323840e+02
5.578746701770543881e-01,-9.120631100268585673e-03,1.101093827583466744e+00,1.816213303404060397e+00,1.492740267867745558e+02
7.739155525515009071e-01,-1.437355686744839350e-02,2.369902418531301791e+00,1.947803586018609368e+00,2.640813446674023268e+01
7.092472407406391621e-01,-1.267551334380527528e-02,3.184429164320465130e-19,1.918045168695734937e+00,1.487181657298134496e+02
7.732570484020087065e-01,-1.390757917709848496e-02,2.048124105689274277e+00,1.938779861589154940e+00,4.777823203224853673e-08
6.399286745093020201e-01,-1.007501015522697073e-02,2.073943662862460649e-11,1.913171865145462780e+00,1.645326653021871550e+02
9.705923293111033967e-01,-1.510278486879089790e-02,1.619491581592812590e+00,1.939010216243550522e+00,1.006011658359029468e+02
8.177521287926627913e-01,-1.475032822197038136e-02,6.099306358557713742e-15,1.945604056342012944e+00,1.662873350748124608e+02
6.487509995827893672e-01,-1.086162029109967626e-02,1.667035665253162824e+00,1.944963380574054046e+00,7.117902731464390342e+01
7.324941171020571407e-01,-1.232666335418702679e-02,6.367549132936164833e-12,1.883895456690443559e+00,1.027792019605531237e+02
8.635670025341005696e-01,-1.464228210392488384e-02,2.867000701239884327e-10,1.951449734570855687e+00,1.945389512193930557e+02
7.057402953920368649e-01,-1.248505752672595184e-02,2.150871532651288831e+00,1.908259155493619019e+00,3.066810031052187294e-10
7.786001428105427946e-01,-1.319660691193238686e-02,2.574268957110285694e+00,1.978713842179159244e+00,3.913496610487784121e-07
8.652269074580433150e-01,-1.485588348832614196e-02,1.301337278039899958e+00,1.893169832478020842e+00,1.204005173975235721e+02
7.106775493537981214e-01,-1.273699298009623414e-02,2.029729079864733033e-09,1.939454559421154300e+00,2.402646600416616991e+02
6.933589293262585329e-01,-1.218324938442987872e-02,1.572217367919747158e-02,1.894617938245262367e+00,2.528603088323495740e+02
6.385171531907132270e-01,-1.137157405322854198e-02,3.329757022399013611e+00,1.938614942686961218e+00,2.908162113074751297e-08
5.663576257220690469e-01,-1.048483175871874756e-02,4.086717882277662861e-01,1.924510776828660230e+00,3.596831951651405745e+01
8.624156993300292617e-01,-1.398207062272111348e-02,1.892380206059717906e+00,1.948571012442632089e+00,8.803713411264723732e+01
8.105363093902057114e-01,-1.382674561498851637e-02,2.057790911073610562e+00,1.865512656495549759e+00,1.447219873208953267e+01
7.937676971399659775e-01,-1.309076461860475375e-02,5.708825093075893253e-01,1.970099773806974763e+00,1.607622221866452037e+02
7.505957868276642575e-01,-1.316352159855833405e-02,1.008064633484115902e+00,1.861927753351576342e+00,7.442313478724010167e+01
7.699770598872039962e-01,-1.347499800050017300e-02,2.707290522722664017e-01,1.911966484143434508e+00,1.149476068794421764e+02
1.228999121356268542e+00,-1.884293615000630362e-02,1.727998760890296914e+00,1.970060184557873795e+00,3.144727394669993726e-14
7.129054965104272279e-01,-1.302889731604922954e-02,2.616870660144336322e-10,1.945202817565415465e+00,2.372378756022150412e+02
7.189814435675395687e-01,-1.415492415571275274e-02,3.147756286352116637e-15,1.936940423791126298e+00,1.482222263187342719e+02
7.076560517171237574e-01,-1.281094979067322684e-02,2.756480677539142388e+00,1.892280405178035307e+00,8.051690029610096302e-07
6.517103189396141749e-01,-1.133302681375383640e-02,1.605001308869409726e+00,1.891730070650508910e+00,7.548794559350466216e+01
8.748860473515298608e-01,-1.424008461592536461e-02,1.692198835460603012e+00,1.968800954414696491e+00,1.149462910636228409e-07
6.799519233931231588e-01,-1.169688485301479362e-02,2.863793580015966400e-01,1.936164156250182122e+00,1.683607207241358878e+02
8.016093233396208717e-01,-1.308591409293885684e-02,5.966401577814295365e-01,1.976680509883300241e+00,1.271512957029675732e+02
6.562301695269663337e-01,-1.107338032880003133e-02,1.666779848097178940e+00,1.884480046952256682e+00,3.939285867400496954e+01
8.309252924837247090e-01,-1.379581128704168193e-02,1.120321282370985827e+00,1.946395561571832911e+00,9.607014854101765877e+01
6.803179100660924350e-01,-1.142272157625922289e-02,9.066332300359599694e-01,1.966467694800221544e+00,1.256343446190377477e+02
6.885837677059600814e-01,-1.125716491316825982e-02,1.861993581624494132e+00,1.968354055731685426e+00,2.653531045168914871e-09
9.355072644198308973e-01,-1.551240830448265967e-02,2.024981890242808724e+00,1.952611281411115618e+00,2.398124429001826159e-06
1.029019170410082173e+00,-1.740740172444618997e-02,1.148653797616044383e-14,1.953317437124363565e+00,2.232235682283177027e+02
9.255511104304626757e-01,-1.548549289465137209e-02,2.196103008984950922e+00,1.954741591142764578e+00,7.775354082223401520e+01
6.643487908400925734e-01,-1.086384629294065950e-02,2.902154802204456319e-01,1.839878551243408600e+00,1.211676421690982295e+02
7.200786207566330921e-01,-1.283764432491019819e-02,1.270303183900223232e-01,1.944141502767031238e+00,2.083254782551709923e+02
9.132271583265993975e-01,-1.572120343876243220e-02,2.614608339380574353e+00,1.914848370046517312e+00,2.354784080788082079e+01
8.213672706512458177e-01,-1.449229913726510742e-02,1.926184400690927001e+00,1.918567331268684839e+00,1.497138801774750824e-07
6.320563000250163377e-01,-1.138053369661241702e-02,1.841833998478016099e+00,1.917640917647018606e+00,3.371620353416307125e+01
8.052971483913440309e-01,-1.381901734234735300e-02,1.735706422624245127e+00,1.948027510413896879e+00,6.732356979548757181e+01
8.644431589104778491e-01,-1.431847557937263385e-02,1.375738683095797388e+00,1.982148565098293069e+00,1.057253922539932347e+02
6.814928684562432393e-01,-1.239453370169068223e-02,1.535322584435848681e+00,1.852765802030047704e+00,1.079099275534435094e+02
6.907601054257708206e-01,-1.185365947086246090e-02,1.367524697542090648e-08,1.911618558910294752e+00,1.595012370890105444e+02
6.606177681369360677e-01,-1.159460512080682376e-02,4.435364288936601285e-01,1.899578801746067525e+00,2.076254699117590974e+02
6.333663544439085413e-01,-1.026559996519187459e-02,1.004258467212167716e+00,1.837903497161260669e+00,1.629373341332748737e+02
6.014597334379258031e-01,-9.708892839096415830e-03,8.663058474015685739e-01,1.883023627705541658e+00,1.406043371720371908e+02
8.674646481039138823e-01,-1.458182401025584843e-02,1.585427690965953484e+00,1.945321262462095468e+00,9.425255066477825494e+01
6.831463945139599758e-01,-1.137823819405214820e-02,2.345628014535291683e+00,1.936714409193230013e+00,1.178014926953417216e+02
9.423576547890580857e-01,-1.572690202615236940e-02,1.167501035592797276e+00,1.927252570041329882e+00,1.232120320703244687e+02
7.679633408586018506e-01,-1.263895045230953654e-02,2.928541211857551008e-01,1.922091322048488538e+00,1.430847571395016473e+02
6.855353611122786406e-01,-1.180068856803584768e-02,1.456031715705764597e-08,1.876110772717015429e+00,1.442407084119755609e+02
6.574111385526650864e-01,-1.070942138555077035e-02,6.170478511317272208e-01,1.867379059827133814e+00,1.353470961407508355e+02
7.029973609945178170e-01,-1.358112858390646445e-02,3.010987629095835505e+00,1.943537551986837419e+00,7.344016963471408592e-08
8.084246973979897222e-01,-1.387550283138261169e-02,1.313277362881415833e+00,1.915980496579575698e+00,6.504821826482539482e-12
8.874651138687016383e-01,-1.498838873203594060e-02,6.775714500752053235e-15,1.910031211188875089e+00,1.538649389819368878e+02
6.225759510224025961e-01,-9.981020505489253056e-03,1.094073423105824450e+00,1.911920758996600966e+00,9.944336819491840629e+01
6.948641427369091073e-01,-1.136989346343265234e-02,2.261196347040278720e+00,1.958129410418547156e+00,8.758501838672185099e-09
5.981516518121532400e-01,-9.519149783802990580e-03,4.045658075141038768e-15,1.873001352932758490e+00,1.469644448700679504e+02
8.972526072578465017e-01,-1.489556766857879147e-02,1.490492687605165512e-01,1.947009282283017173e+00,1.988330207465739079e+02
7.091002907244799980e-01,-1.249679935818049856e-02,3.135616016669650064e-01,1.913915887666693294e+00,1.819629287873075612e+02
1.160354655236395915e+00,-1.881667358454064062e-02,6.159319956435901355e-01,1.941558431859091050e+00,1.357691627947388895e+02
6.393924243323600987e-01,-1.060532547678027376e-02,1.785346321196512376e+00,1.894042608513809789e+00,1.089498370368456364e+02
7.688118503984787688e-01,-1.272519382811979245e-02,2.627981613127781557e+00,1.898109808754649297e+00,4.027970676754652857e+01
8.445651926402597542e-01,-1.519878410249912021e-02,2.965018152191222813e-11,1.950713936104526702e+00,1.404405759443180841e+02
6.924486327965311272e-01,-1.123067245759763570e-02,2.837722817983752993e-10,1.909048151009570704e+00,1.977073372789898826e+02
7.188106811410002184e-01,-1.188548479850960737e-02,5.412512290041244789e-01,1.918124337450267891e+00,1.684101050408186211e+02
8.086801555746444548e-01,-1.445093053863216737e-02,1.511845727663879471e-10,1.929057563634590133e+00,1.526662387177031519e+02
8.400648417166475257e-01,-1.468610465700623605e-02,3.021055643074592290e+00,1.957166255598675075e+00,2.976984408250642325e-08
7.122849808422132556e-01,-1.150139804139096653e-02,2.812336633292329968e-01,1.906581847707481403e+00,2.059309965232323236e+02
7.841413120433691208e-01,-1.275931453739917974e-02,2.441429267149487270e+00,1.961042200766856869e+00,4.517891436905114287e-10
6.890066278580722070e-01,-1.183244600748472285e-02,4.133306094526274510e-01,1.924910249944104423e+00,1.547104527263277021e+02
7.266087199883318748e-01,-1.252637631165715026e-02,2.055035807305697126e+00,1.914323857056587919e+00,1.160197003986546349e+01
6.655859652125092341e-01,-1.228011699967903811e-02,2.205403700064745565e-01,1.885788939779173834e+00,1.385058220885499054e+02
8.132975816633608579e-01,-1.439898640302745940e-02,1.666576945912094931e+00,1.953391168307948345e+00,1.021385181795355658e-07
5.544407920158117564e-01,-9.406681341662719020e-03,2.330748561235325977e-01,1.929958683854289481e+00,2.637275017178562280e+02
8.132092587882987500e-01,-1.455974155292063220e-02,1.533638614918360510e+00,1.915545453523865849e+00,7.864299306441549220e+01
6.770517856706463888e-01,-1.181863672827966442e-02,2.418094828521757389e-01,1.937152833464901303e+00,6.748676272585457525e+01
8.303756859699591431e-01,-1.295131184546132429e-02,1.996796339046178037e+00,1.898995970405021438e+00,8.649342683095484574e+01
5.768239711276642590e-01,-9.768803879498813569e-03,2.358507427463995665e+00,1.957813525470428084e+00,5.318992325508040239e-10
5.802382947868739427e-01,-9.195560593553980464e-03,1.636111861342421703e+00,1.875088298994276093e+00,1.239332523698014370e+02
9.334992297502844316e-01,-1.461554441753468506e-02,1.455466472018624335e+00,1.957866311475568111e+00,7.156148323630858954e+01
6.506488463908702835e-01,-1.153883924505001192e-02,1.463514075458911989e+00,1.911614394273607909e+00,7.268220062000964710e+00
7.970098185626658394e-01,-1.380057652927761495e-02,2.274203802166579802e+00,1.887150901500245448e+00,6.136254049249209430e+01
8.130184963208938465e-01,-1.337099821916265877e-02,2.170664262867634253e+00,1.954155532580439392e+00,8.551636648522126904e+00
6.590894593874578877e-01,-1.009867964475131240e-02,2.289260385857927460e+00,1.905576210880230548e+00,4.231950651635218044e-09
7.789650727905552685e-01,-1.383087154108584606e-02,1.028178188187766295e+00,1.901964057752625337e+00,1.283726725812502707e+02
7.211871033291680222e-01,-1.306194291936723165e-02,2.024016039522145149e-01,1.962868616250546872e+00,2.277196272691838601e+02
7.640767922487823327e-01,-1.373758486218622753e-02,2.221934321500588894e+00,1.907003021727246006e+00,4.664392879392184454e+01
7.756311536385724903e-01,-1.250754696978180480e-02,1.415338282915473034e+00,1.954789175471817408e+00,1.222338748962726811e+02
5.728452282297653575e-01,-1.027154081434966150e-02,8.546130055380551962e-09,1.956029599563746224e+00,2.658512640762111232e+02
7.536283820773810316e-01,-1.296986549574146233e-02,2.696201516400669629e+00,1.881918569467747826e+00,7.680713165396694464e+00
4.893974067383721205e-01,-7.639251567804415145e-03,4.748244003259222829e-02,1.847789319531696561e+00,1.944941929410417174e+02
7.325482145900462649e-01,-1.271787692647518946e-02,5.176329476620291636e-01,1.913500589904533200e+00,1.599006203027240645e+02
5.916474339803844407e-01,-9.832325430460782736e-03,1.379428936844777409e+00,1.971838838125183235e+00,1.560475278735173106e+02
7.898185056133286697e-01,-1.316936106393786637e-02,1.063378929301364684e+00,1.922900300965362463e+00,1.322810279382835006e+02
6.055920546578448249e-01,-9.388283596517445553e-03,9.545116667166170243e-01,1.851215653128120309e+00,8.356041672361928363e+01
7.023930873318667834e-01,-1.278937540532063336e-02,6.110584040787768734e-01,1.917833102069845364e+00,9.367838057008610519e+01
5.784614872663531582e-01,-1.072111573076861731e-02,9.302748960879406651e-11,1.921314691917052508e+00,2.041092812694647591e+02
6.488913721346043495e-01,-1.155669855815721729e-02,1.785519843166386122e+00,1.913153611051671144e+00,4.371520264416538737e+01
7.813505968460995321e-01,-1.254291133811042368e-02,3.053771774827605423e+00,1.926930708910031820e+00,1.806459800051095363e-08
9.053822616451119298e-01,-1.476468938140126919e-02,1.626247696607250992e+00,1.903146302771656417e+00,9.713367631172991423e+01
6.970019151464281748e-01,-1.091550173328866002e-02,1.036301952994119757e+00,1.934533858412120333e+00,1.058042793932253716e+02
6.556441315826518901e-01,-1.086021515519799627e-02,1.626061392798608063e+00,1.901773192234033294e+00,4.817610179783094537e+01
6.158153627973707023e-01,-1.024479385581725070e-02,3.005501046590580927e+00,1.967502894240754641e+00,2.631056941990704701e+01
5.424897196833275981e-01,-9.625433553755186750e-03,9.246695285175193819e-12,1.940204153176479096e+00,2.209080515446258346e+02
7.064642955786183398e-01,-1.257100090909785833e-02,2.714082898899769614e+00,1.929278310281211439e+00,2.638876752848781848e+01
6.235964583979539677e-01,-1.026335910353657135e-02,7.164900143488499573e-01,1.884221368828677523e+00,7.964479418747956174e+01
6.090002589407617073e-01,-1.077514791177384447e-02,1.027742469279678605e+00,1.886530990112671224e+00,1.496948708621417836e+02
6.656261516443384707e-01,-1.152304006137294494e-02,1.454843155117649944e+00,1.934115934883561705e+00,8.282964043093832629e+01
7.971391240694615243e-01,-1.260765268012908717e-02,1.169610937523909211e+00,1.932158647241499771e+00,9.372320078914344776e+01
6.973309377589995695e-01,-1.143721877716023620e-02,6.394213273165741672e-09,1.950031505355972694e+00,2.039388310234218125e+02
6.422246642241969949e-01,-1.134752091760531101e-02,1.548540414310805025e+00,1.930137903581227832e+00,6.549659211085760546e+01
6.922347069432341904e-01,-1.183271430946667736e-02,3.717382875305985102e-01,1.937971940142127814e+00,1.677824780395766595e+02
7.393954793525756575e-01,-1.270132923215895430e-02,1.049438720425797111e+00,1.915006965904453295e+00,9.266681161432605052e+01
6.526223740488842351e-01,-1.125134265032522000e-02,1.780826879357916503e+00,1.891203735193359270e+00,6.484879134813625967e+01
8.165679099480579461e-01,-1.257884645750157945e-02,1.086495860211946995e+00,1.915627822911327938e+00,1.383313100320135050e+02
7.845071227310396189e-01,-1.320510200672456343e-02,6.312050824711962216e-01,1.927503645322361070e+00,1.584780688580677861e+02
8.848128124444258891e-01,-1.516699160338824508e-02,1.933047960679660227e+00,1.919593389804122197e+00,1.755051964442801151e-07
7.328405884037644258e-01,-1.193791666294232584e-02,4.303541973868838415e-11,1.925904416075897130e+00,2.095565000255891164e+02
6.792313713647285534e-01,-1.183115724186962862e-02,1.758606325331844022e+00,1.918139732743442183e+00,7.204656651356988739e+00
6.858853322132865138e-01,-1.145632375928550169e-02,1.941167397631969438e+00,1.923647385989087022e+00,4.108890078053860151e+01
7.021616218520433383e-01,-1.171276961985455965e-02,5.831671485637520691e-01,1.911888916952505513e+00,1.660069714431056127e+02
8.248689387626058078e-01,-1.423851395114137004e-02,1.241787373732012173e-01,1.939231931368862849e+00,1.286565685116740667e+02
5.184181708542523470e-01,-7.818457074199321177e-03,1.319616866194744276e+00,1.871178975028250591e+00,1.112655067335986985e+02
7.117462996932626407e-01,-1.188011978845944852e-02,1.332088068419849947e+00,1.866088691099820229e+00,5.522582720409708656e+01
7.409837843987276962e-01,-1.285199742634220849e-02,7.067855752954016984e-09,1.908030547912097807e+00,2.141263335777965722e+02
6.991343223810539964e-01,-1.234374838163710027e-02,1.655737320662779233e+00,1.901771139457603121e+00,9.960795693621605551e+01
6.440010682651279295e-01,-1.138116651012250832e-02,2.033060563869771631e+00,1.899122327998497894e+00,1.374638391575614466e-13
7.394678819192234132e-01,-1.334984019186246165e-02,2.030269592184460459e-01,1.927053337632329555e+00,1.280364133122561157e+02
6.362825831342716620e-01,-1.061460464568120786e-02,3.255212984362419143e-10,1.956583314293538711e+00,2.556675642042932850e+02
6.299366130869687996e-01,-1.105166673502784060e-02,1.558606857171209323e-09,1.959249336978884592e+00,2.021750685319163381e+02
7.886563411278353364e-01,-1.242525365683363331e-02,1.545766288703650515e+00,1.905487234238224525e+00,3.694750726886439907e+01
4.548468783587379383e-01,-6.905725628098291838e-03,9.862352549078857722e-01,1.839184539825282183e+00,7.327516717670627600e+01
6.896831330881751931e-01,-1.235474041828098224e-02,1.888689647484651069e+00,1.889036842195828791e+00,6.083730791987036213e+01
4.814567610226795358e-01,-7.151721397606451008e-03,1.446104225747601335e+00,1.849458863834279265e+00,5.760505591800234981e+01
7.718520110368113363e-01,-1.388052400032532309e-02,7.694899101564047772e-01,1.939175670555411068e+00,9.259954920972802483e+01
5.185889205570105576e-01,-8.476985693389879617e-03,1.403297625384209768e+00,1.880106256079854044e+00,8.847890344126534501e+01
9.246332311943809001e-01,-1.469340393234264477e-02,1.195037631898538288e+00,1.917895526749901380e+00,2.893329905036951492e-20
6.796369974448460693e-01,-1.159793980405908476e-02,1.320830846946000836e+00,1.948529731001002574e+00,8.371673966226634889e+01
6.801378636378814235e-01,-1.200362694608050375e-02,2.807168304934451797e+00,2.001800685382513212e+00,1.229051308637911462e-07
7.441704553953595314e-01,-1.308625176001831578e-02,1.724128789989656463e+00,1.878578774445996080e+00,1.023437483994851931e+02
7.817221654386850016e-01,-1.413004126384709465e-02,1.589771954665091469e+00,1.928740873078279794e+00,4.947114101455400004e+01
6.677698460549457149e-01,-1.153318238310605329e-02,4.336830661785531227e-01,1.910615428263051196e+00,1.480379521786769033e+02
5.835908626402501742e-01,-9.365310657690925980e-03,2.098713045340792061e+00,1.906721091253160028e+00,1.044059642559226262e+02
6.426804654162986408e-01,-1.160498301317435151e-02,3.035989057992397822e+00,1.878187286268776068e+00,2.495355406107346852e+01
6.356444061786562516e-01,-1.032018443794999185e-02,1.754416373589026801e+00,1.891698688954542185e+00,3.291035088962493660e+01
6.406126266613044740e-01,-1.068525605755623123e-02,1.864528426779018977e+00,1.887001606198474235e+00,5.237381613431161753e+01
6.575976245501728989e-01,-1.068918656630211440e-02,2.330785111172759549e+00,1.850935903312983299e+00,5.594779454499885674e+00
5.875986001029069872e-01,-9.497904055370784068e-03,1.431034577350448478e+00,1.949709187381357012e+00,1.533186354541376772e+02
8.840881040203958374e-01,-1.469643028913492945e-02,2.708004863234049875e+00,1.890051800167458440e+00,5.119639918608295265e-06
5.475008099970366526e-01,-8.883532154760310010e-03,1.948290675369941605e+00,1.956604014264103242e+00,7.979168308143483838e-08
5.776840679402968082e-01,-8.872534093121095533e-03,1.505440988853790296e+00,1.946542840495719462e+00,2.966802204010365784e+01
7.196650454315112189e-01,-1.243063868860626482e-02,1.142234083647791998e+00,1.934531171766496360e+00,1.138959580463307759e+02
5.454518177398176570e-01,-9.765134132943878095e-03,1.325600438668186332e+00,1.825545841499312649e+00,5.833169478930850005e+01
7.174670018815677563e-01,-1.274795443321513448e-02,1.049205723117064171e+00,1.951100332552953898e+00,1.136278493012615058e+02
8.360003851669433050e-01,-1.424911006627339535e-02,2.199101853717010613e+00,1.909900285664116737e+00,1.388120602323665480e+02
7.708024665197061864e-01,-1.164530356763886047e-02,3.066164648174582452e-01,1.927028519715286548e+00,2.304760271065566997e+02
7.998368193775889923e-01,-1.350492293878102941e-02,1.072690535925347355e+00,1.935190704800570760e+00,1.576470036674041353e+02
8.290194826802055328e-01,-1.376064941372475911e-02,2.505939309670691006e+00,1.904860018479909600e+00,8.252545474647493506e+01
8.996628023118146134e-01,-1.479498353054050329e-02,1.061741252536005264e+00,1.940743404553896490e+00,6.648944996884877412e+01
6.479017365589271327e-01,-1.115796615827513265e-02,1.887862705629073101e+00,1.886190057175215706e+00,8.464910880972595919e+01
7.879284457209519976e-01,-1.299242890386023350e-02,9.632799375227732996e-01,1.904375683073285641e+00,1.153232354919683331e+02
8.851326747789316496e-01,-1.545333759818317935e-02,1.236392217642166447e+00,1.936289946291212205e+00,1.424724279731032937e+02
6.905932244055654756e-01,-1.230527959346074986e-02,6.872324394814144366e-01,1.894107156757667942e+00,1.357807560369686826e+02
6.802536027827454923e-01,-1.270679495545455791e-02,7.517388340452733908e-02,1.917234415281599214e+00,2.285402973888038503e+02
5.556373371010508988e-01,-8.832575462917007306e-03,1.416944446216935605e+00,1.900674540848595884e+00,1.262117425872530703e+02
5.902958113425791353e-01,-9.791946633048874762e-03,1.187516849048903987e-10,1.909854964160362822e+00,1.265040121727957825e+02
8.564836067980925449e-01,-1.544368839363350135e-02,1.028923642564503860e+00,1.938524518213369907e+00,1.415527797386396003e+02
7.908133319182459875e-01,-1.309255313878347066e-02,2.336454869029532144e+00,1.961443448296122716e+00,9.429953988842376589e+01
7.493131805553168157e-01,-1.189673276187580911e-02,8.492606684460433097e-01,1.948880322841472390e+00,6.845134905546105131e+01
7.465594456822012281e-01,-1.205113437333134481e-02,1.299613756197773029e-01,1.897521312135389326e+00,1.693543050378975181e+02
7.155403483928615138e-01,-1.277709136770273715e-02,6.434987500283997353e-01,1.892229346077861640e+00,1.750170753913847363e+02
8.606664112749560225e-01,-1.350930407201842917e-02,4.710310642114098889e-01,1.964749365011100091e+00,6.487896795348270018e+01
6.655320237319342080e-01,-1.103998429894205088e-02,7.565602525521018608e-12,1.889662237215472329e+00,1.853637565747517897e+02
5.963795097820068225e-01,-9.459657295694381962e-03,1.689758232166138477e-15,1.874609830529417209e+00,1.193375194780099378e+02
7.283586914485590258e-01,-1.256406667097584653e-02,1.320489003266206218e+00,1.873608924120822694e+00,4.530148835263334917e+01
7.412125242191822672e-01,-1.325792676607924665e-02,2.079759843427608779e+00,1.943119126775149308e+00,6.927726253760260988e+01
7.995126329387225450e-01,-1.464014630305395144e-02,4.068663966753603978e-01,1.948566457837613619e+00,1.229484047896613532e+02
7.334560748145548814e-01,-1.294577081534933373e-02,1.723967595278201870e+00,1.947972392139575737e+00,1.366764889270677088e+02
6.411999080138919282e-01,-1.047391935383132529e-02,2.514190529784674499e+00,1.918052581187568162e+00,1.112431312693644655e-08
8.021990731279671216e-01,-1.378463207241297818e-02,2.806628049432377536e-01,1.951468260521624254e+00,1.059542928084715356e+02
6.550024955802105087e-01,-1.121541755890937374e-02,3.544185753355571844e+00,1.897334218572215958e+00,6.700097338964688206e-08
7.850116575235961403e-01,-1.249608064401974521e-02,6.161944340355866023e-01,1.962071065475267329e+00,1.524737290770077323e+02
6.749323870767648392e-01,-1.201104752265318674e-02,5.428414630766827953e-01,1.880399939433568646e+00,1.342274034533210454e+02
6.278907205345085618e-01,-1.182278384362511411e-02,2.289909873259503015e-01,1.876452933015116065e+00,1.204357050516720165e+02
6.413028094069136431e-01,-1.083405203454351068e-02,3.107241509615028097e+00,1.872799989973366053e+00,1.423722523175179000e-06
5.864012423355821069e-01,-8.975467983223123572e-03,4.185870037815523914e-01,1.878733340308447630e+00,1.983460277925958621e+02
6.855086106648543565e-01,-1.140782510174932936e-02,2.824594089960445344e-09,1.876991041535661875e+00,1.452593634784698793e+02
7.141764386756594973e-01,-1.238294160693537149e-02,1.407207746971206985e+00,1.942552257911460245e+00,1.489315194510772073e+02
1.152308602968556972e+00,-1.811913119456813950e-02,1.603141104754445490e+00,1.945124516116515156e+00,9.358260809983210038e+01
7.774337240893087753e-01,-1.226360849118077363e-02,1.190015490541902419e-10,1.885930158231716502e+00,1.656754699967550835e+02
6.165354737443643485e-01,-1.055177819356422839e-02,3.441753285318292388e+00,1.909586172378344715e+00,3.839696646211784992e-09
7.962717499483262795e-01,-1.352963934544900923e-02,3.478904527767021637e-01,1.928677066737363610e+00,1.754139152064147993e+02
6.642020663320000740e-01,-1.142287676546236211e-02,2.254886817611837291e+00,1.942434523946899860e+00,8.893110813296090100e+01
8.566284358540685595e-01,-1.340776523127319882e-02,3.931432652298384566e-09,1.908178300265492622e+00,1.741520041196952207e+02
7.920428222622640790e-01,-1.450176657872081186e-02,2.843460066305922296e-01,1.935177653901422490e+00,1.612866024245688834e+02
9.203085184452046708e-01,-1.530571616458140972e-02,1.023931165315693231e-08,1.945985814985253137e+00,1.822457144215549079e+02
9.802574899931365549e-01,-1.642784997382558398e-02,1.787307872606651138e+00,1.980509957313589808e+00,1.406572274264724172e+02
9.062121263079317979e-01,-1.579831171925970279e-02,1.615856294619589129e+00,1.941139651210684214e+00,6.698678975850771167e+01
5.640917254242626688e-01,-8.602015120245599250e-03,3.879655813721492597e-01,1.830574580510425209e+00,1.895827129643756734e+02
6.133011783148610840e-01,-1.147815368923890689e-02,2.229747519049693150e+00,1.825540206850400082e+00,1.149089535112143494e+02
7.009422817413163420e-01,-1.217559843525894622e-02,2.329381259524440306e+00,1.963599038201444769e+00,5.268843729882243565e+01
9.043010121995618267e-01,-1.450594923081755493e-02,1.299528727495591340e+00,1.897153267253389952e+00,1.202578922129537915e+02
8.078634748905108021e-01,-1.511875041837263366e-02,7.878295058599057432e-01,1.932340724575395852e+00,1.492509030248989177e+02
6.500354669351622316e-01,-1.117212211114234320e-02,9.464263572001758205e-12,1.954254180119655349e+00,2.204422173478169213e+02
7.665737263462055751e-01,-1.380802320663488889e-02,2.559996112047103534e+00,1.880782860661108113e+00,7.851186238672705997e+01
9.244616604294128015e-01,-1.622488097600878129e-02,5.116355130198489013e-11,1.957747191046295576e+00,2.500203870983877721e+02
7.946604291939852738e-01,-1.401947334191796027e-02,2.552056517522163226e+00,1.952246794364912441e+00,6.936028635335591029e-07
8.431437602463036640e-01,-1.374689887675866612e-02,5.301823556918310438e-09,1.909462638499463294e+00,2.079546836079552747e+02
6.824517922683572824e-01,-1.230107183719319174e-02,3.407042915319503429e+00,1.946865667877969441e+00,2.701124863888511385e+01
6.258555727104797572e-01,-1.074954371623628412e-02,1.076380415333590079e+00,1.887569022622145321e+00,1.571646093407414924e+02
6.422551208745262974e-01,-1.055760042202621117e-02,1.274188487908677336e+00,1.874671856692661009e+00,1.371955271527355933e+02
6.632046267811220197e-01,-1.152471152438300402e-02,2.898339254362033213e+00,1.921390472344134404e+00,7.976204189365437353e-07
9.431199382994198688e-01,-1.495094790044579521e-02,2.418689506149777735e+00,1.974844536320600641e+00,4.480211895233825459e+01
8.576392335477149853e-01,-1.495129373691694158e-02,2.321793552220181578e+00,1.941155913172341041e+00,7.400390567033892912e-13
8.151829581272066472e-01,-1.323221911492411182e-02,1.768509812977656415e+00,1.908776787152585808e+00,2.208279091641633889e-14
8.686761172199660708e-01,-1.415264894388367813e-02,2.886331617000666341e-16,1.943429181029257435e+00,1.483809712243787260e+02
9.040459884890538200e-01,-1.668955303966178014e-02,1.269039180135367202e-12,1.959446830332048028e+00,2.493588002226415483e+02
8.939244693836966293e-01,-1.636022331764425478e-02,1.755537505094122874e+00,1.964434017445405578e+00,6.938324543558205448e+01
7.485368494819162333e-01,-1.269527374745023016e-02,9.331918830107016616e-01,1.920855956597587788e+00,9.923927715003421213e+01
6.910184140111562678e-01,-1.252986466900547421e-02,1.856873272366019290e+00,1.920560181820716972e+00,5.939868589117615727e+01
7.029049070122624920e-01,-1.181106277913377030e-02,6.179522531162433687e-09,1.927137217939385305e+00,2.000053521210154770e+02
7.023157863557626390e-01,-1.177801751141110617e-02,2.142465209110954662e-10,1.896827091628003892e+00,2.033155482942620438e+02
7.878852136058479561e-01,-1.292454976821970532e-02,5.687509943056968664e-01,1.983877533144796868e+00,1.044486558531545768e+02
8.720521949553785568e-01,-1.535816585799560340e-02,2.096827404542509041e-11,1.964678589410600473e+00,1.385044103830756796e+02
8.253526077958107665e-01,-1.424425855779616786e-02,6.002967553932716527e-01,1.922488080785736297e+00,1.520306711623323110e+02
8.077886843077620727e-01,-1.335851577236203853e-02,1.685518284137056177e+00,1.892410367795838599e+00,5.067331349579662003e+01
6.388015181225954464e-01,-1.100565072714139274e-02,1.035196357747585559e-09,1.933687384445877511e+00,1.533025640029170518e+02
5.656272783729902054e-01,-9.398819130368154737e-03,5.250413320791711413e-01,1.870777539682597190e+00,2.348542744127848607e+02
8.711225362849190912e-01,-1.452690927857413529e-02,9.627226797993772289e-02,1.952523003064067897e+00,1.901259646860767987e+02
7.909804496468340052e-01,-1.347093454877077573e-02,2.130242718830205551e+00,1.894186143803293643e+00,4.008006479496901875e+01
7.935074150483345523e-01,-1.306759725554630484e-02,3.911465039470931935e-16,1.932292926166758296e+00,1.828480085118156069e+02
8.514744307784866129e-01,-1.414961247444884718e-02,3.671834250834053306e-11,1.936157563183994679e+00,2.196181003987739189e+02
5.449110148060367642e-01,-8.195977902237168780e-03,1.437046137045072225e+00,1.911201902067368064e+00,5.723934076974991569e+01
7.645337052374958642e-01,-1.317106522508513025e-02,7.312175810979053558e-01,1.987136030948462251e+00,2.119986234546603328e+02
8.043137201080585719e-01,-1.458620187078835985e-02,1.097879037228099319e+00,1.891987484871498371e+00,1.680324419348297624e+02
7.500444099079754956e-01,-1.233023265884949232e-02,1.845230525714938397e+00,1.928733437698307407e+00,8.376188212261478611e-07
7.229030420087779740e-01,-1.157393914975717204e-02,1.885140393940966996e+00,1.912027141519201168e+00,6.762643844478107269e+01
9.987021527932208320e-01,-1.653292949984423374e-02,8.845556966452675640e-01,1.990396591211921029e+00,1.319120813544659825e+02
1.009371645102565829e+00,-1.560955155466530429e-02,8.261273193844823615e-01,1.935574009533138629e+00,1.037852160739993224e+02
5.734666327228419291e-01,-9.573659917316961962e-03,1.141811988805712996e+00,1.883466156827940274e+00,1.307558627585090960e+02
5.491959615580870313e-01,-9.828215250138183992e-03,1.844960884834891290e+00,1.896561796045507453e+00,1.089890950865503498e+02
6.738494972731978727e-01,-1.043771852186571765e-02,3.467919574362476332e-01,1.961246849763095490e+00,2.129495852921461676e+02
7.969010834608318827e-01,-1.406900991405007906e-02,1.091678415204580966e-10,1.869073265127938699e+00,1.795503100528926552e+02
9.423098052848002393e-01,-1.496646104995510811e-02,1.281852503609054459e-13,1.986682728489363781e+00,1.615896050426521242e+02
5.243593418299481446e-01,-8.476062882252147559e-03,6.546339675422258031e-01,1.889392154332687257e+00,1.528838511507208864e+02
8.827781544323313190e-01,-1.446435906986722787e-02,1.905020408879687377e+00,1.926445846162579079e+00,5.759172602311274858e+01
6.110864631477698206e-01,-9.831339113823027095e-03,6.605501382943455761e-10,1.916734698376108437e+00,1.921387111819124129e+02
7.479694794982014727e-01,-1.245895373997840498e-02,1.665346071654040694e+00,1.945118175487835721e+00,1.232852688764040607e+02
8.325458152865060635e-01,-1.591217721724270950e-02,1.992381240501475803e+00,1.970882069258889091e+00,8.021499855759631714e+01
6.278092933296859357e-01,-1.168434010154888701e-02,2.906688208448705018e-12,1.945184641757225386e+00,2.095515146290298389e+02
6.621027222974650295e-01,-1.249423843149156596e-02,8.115428157685029564e-01,1.928236956313570394e+00,1.621223887549745086e+02
5.681957198309143253e-01,-8.892538284962338627e-03,1.384052663451130100e-11,1.883839360028128240e+00,2.451684392195454052e+02
4.821657369265064386e-01,-7.594087375404243515e-03,5.745221917663163591e-01,1.904556475884846334e+00,1.645840949092238361e+02
5.125601905231296218e-01,-8.251762108661363920e-03,1.495519291015814933e-01,1.921435816980865852e+00,1.650537592155412767e+02
9.055899977759471753e-01,-1.490646242535669311e-02,1.255217488085750564e-11,1.973294235884599290e+00,1.513849849814984054e+02
7.622555698655937295e-01,-1.372432280467200845e-02,1.875075803098647187e+00,1.885130061510859933e+00,2.278897052267576654e-06
5.736669706465336027e-01,-9.938967065160574793e-03,2.036476231514862345e+00,1.901912486139170078e+00,6.630904272756328055e+01
7.610818843121839317e-01,-1.209734674737833818e-02,3.554168014290795398e-15,1.924918763109179087e+00,1.404582800603968735e+02
5.396625575215647785e-01,-8.563636302204866504e-03,2.353951321307047095e+00,1.895034357398999614e+00,4.768893071133319239e+01
5.710437684847790019e-01,-9.338790836773179851e-03,9.070488704173739203e-01,1.881781265735351205e+00,1.022854749878130463e+02
8.350095019526911910e-01,-1.388627130397353769e-02,3.347974594099574060e-09,1.937066114828027708e+00,1.806840412418391679e+02
7.579732473228821821e-01,-1.487727067196593575e-02,4.078776363770067487e-15,1.917205177625529666e+00,2.018474679848358164e+02
6.410376278770606451e-01,-1.079954617224122490e-02,1.789254640136256791e+00,1.898269155262808816e+00,9.832742499498478139e+01
6.224765063638150187e-01,-1.055051373286408113e-02,4.750579531432654323e-01,1.912914344130359323e+00,1.967347610377606486e+02
7.295184418907640911e-01,-1.208112633960918038e-02,3.561643894123377559e-11,1.928516631101947931e+00,1.441450371447542409e+02
7.852548791933818828e-01,-1.336662107157072718e-02,2.866523703569141102e+00,1.938728152111125036e+00,9.520865912529892789e-07
7.642040073156827207e-01,-1.359530262895798126e-02,6.531401653682383627e-08,1.919219876245406020e+00,2.248511819334600830e+02
1.070043872880987346e+00,-1.637595803829621291e-02,5.596309841594201417e-01,1.979477372294659698e+00,1.108389363820940474e+02
6.540123406197594358e-01,-1.160761170363195684e-02,2.147627059568087138e-02,1.913891844323032165e+00,1.846370053999643233e+02
6.171794273760301541e-01,-1.085012132170289252e-02,1.211631249412795874e+00,1.884627384967068053e+00,7.603566849957296370e+01
7.704636387174105261e-01,-1.328447072401656333e-02,2.640301951833218030e+00,1.928142916421463626e+00,5.570613119935364210e+01
6.790491467170773898e-01,-1.258404835503869855e-02,1.339468699222791548e+00,1.950331924317958210e+00,9.531190163005173644e-15
6.163645913531846654e-01,-9.875888662177291499e-03,7.774153100790987430e-15,1.975931976974874216e+00,2.449587779693239611e+02
6.764009740451448760e-01,-1.085969888791528740e-02,2.602485268852540834e+00,1.972836620167748301e+00,2.659785881489066575e-10
1.075307324443177448e+00,-1.718189704123133585e-02,2.483545900548863816e+00,1.991590859080271558e+00,3.356229110325182386e-08
5.787283119298657352e-01,-9.439253980036395666e-03,1.918333801005459582e+00,1.843605048494185716e+00,5.441415575659265613e+01
7.578105469382194759e-01,-1.228110161001221695e-02,8.568971395741324937e-01,1.917873289105763712e+00,1.952874410217914942e+02
5.478650541149034936e-01,-8.738552081944590127e-03,1.383154628083139714e+00,1.913998499111508655e+00,1.499000698523931305e+02
7.057993335243520905e-01,-1.267944931690684514e-02,4.434903042887299862e-01,1.899109532692925484e+00,1.748467411451449891e+02
1.018478639937231200e+00,-1.543313512208439181e-02,4.263729261127863768e-01,1.945234329019894126e+00,1.032444699989478636e+02
7.631132433253143832e-01,-1.266011769774520734e-02,1.873470774390419757e+00,1.946448028448074075e+00,6.492378264177251879e+01
8.490760754215140871e-01,-1.401386799999363407e-02,9.357782342722217317e-01,1.967476955895675284e+00,1.333794477593498868e+02
6.763110664581354348e-01,-1.217055328085030197e-02,1.989887091400115882e+00,1.855219407800442699e+00,5.386673076357234891e+01
6.174458371876987428e-01,-1.066142380741225831e-02,2.283488526910917304e-01,1.918078599371076054e+00,1.589328579195577333e+02
8.398666533748565532e-01,-1.396750239866732628e-02,1.787269654244407979e+00,1.904771005230183611e+00,1.863391370741486242e+01
7.387122576463577284e-01,-1.370354883819783522e-02,3.141828024453786882e-09,1.890402785503422445e+00,1.852510647600102232e+02
6.620921376242486778e-01,-1.178371468644428405e-02,1.470345506872994257e+00,1.874335416854135516e+00,4.424797971579950229e+01
5.790948013344360268e-01,-1.106128248990616465e-02,1.213859789216774621e+00,1.865088220710676259e+00,1.588645542802072725e+02
6.197417218860515886e-01,-1.029005307656062455e-02,1.249134842836518544e+00,1.929897891019681788e+00,4.918024375918195545e+01
5.792844490172656124e-01,-9.110295005360324189e-03,1.899790170049847626e-01,1.880458332364735696e+00,2.035533540516941855e+02
6.590492213354209872e-01,-1.116832046813898312e-02,1.408360982086807267e+00,1.930751836983201075e+00,8.661941072674795805e+01
6.127711741596828521e-01,-1.008125578443718959e-02,8.703724953117627505e-01,1.812857613590150185e+00,7.499494025038380585e+01
6.206186872917965891e-01,-1.009357521413514931e-02,6.945168852446121921e-01,1.926588628060768471e+00,4.929180379137126522e+01
7.288157697816954883e-01,-1.334733424774649756e-02,1.080983956848071522e-08,1.934567949914421492e+00,2.631356110336835741e+02
7.706999276602152227e-01,-1.303071140167910182e-02,1.779690644298887126e+00,1.947582827194602517e+00,1.364551793369558084e+02
6.655873333488150356e-01,-1.048543226805643755e-02,9.083950342315479931e-01,1.921133759524180640e+00,8.738044416258253477e+01
5.375195090630255912e-01,-9.395613111778682372e-03,2.473105096714926688e-09,1.935591029171949584e+00,1.457460650513640701e+02
7.113033302592844942e-01,-1.260768630599022090e-02,1.096632523679567539e+00,1.909612921575670086e+00,8.146153160290833029e+00
8.645528294713817896e-01,-1.397944826261756160e-02,2.582937772333394832e+00,1.924075844846949712e+00,2.355945611006934115e+01
6.731545234972222680e-01,-1.263435094272020824e-02,7.645863304947892834e-10,1.898451498040352847e+00,1.778364748780670936e+02
7.777131167984694393e-01,-1.382974185261344642e-02,2.176971081628001043e-11,1.968461707255354742e+00,1.963153510557648644e+02
7.114707193840406063e-01,-1.326839669314716641e-02,7.791515656729866866e-10,1.896169254771214119e+00,2.152653911155451283e+02
6.136900548381715170e-01,-9.750911393931686877e-03,4.700808948307756974e-01,1.900390590392780021e+00,1.350492193352811228e+02
7.968572833064992977e-01,-1.369696051999956879e-02,5.208382702022460518e-09,1.937265422971599094e+00,1.981820528562156483e+02
5.560741864815617053e-01,-8.392916623545874921e-03,2.734597586499362354e+00,1.842146658501805812e+00,8.565368105177894265e+00
9.293981669903174092e-01,-1.455975941650317941e-02,4.885539640534732033e-11,1.959448352837478868e+00,1.609878554095486436e+02
6.442122097374715084e-01,-1.082958547225920838e-02,1.326810359645524556e-11,1.890012072452869729e+00,1.247964808568042656e+02
5.726661600382179085e-01,-1.048003342124157085e-02,5.949222616357449089e-01,1.880818724957343813e+00,1.248189086360094109e+02
1.020871026655360669e+00,-1.655394303757751900e-02,2.362507122063238096e+00,1.979830821448136602e+00,6.326675479506964415e-09
7.979023645314575752e-01,-1.345887798087437755e-02,2.783672402655242850e-01,1.954711283121289167e+00,1.375388182444858671e+02
8.182715113935844498e-01,-1.353071096915683946e-02,3.337633954293190541e+00,1.906948884947036849e+00,1.224761127849703459e-06
8.331508060271145544e-01,-1.453814632975704985e-02,1.511648018353900930e-10,1.942278802964759743e+00,2.164276414262386652e+02
8.030551893043961220e-01,-1.277543792880862263e-02,2.432043189844559805e+00,1.973666575199178430e+00,3.657790588939687613e-09
6.454633155787028453e-01,-1.112564781131704372e-02,5.469816967334362179e-01,1.872757856644436059e+00,1.471039265162420122e+02
7.505000643447987674e-01,-1.240500970303876765e-02,2.354125094008634456e+00,1.920779672538537985e+00,6.144525185910845266e+01
6.315907451201620004e-01,-1.057521020472502321e-02,4.086478137969306035e-01,1.896966755888644718e+00,1.940800602731866320e+02
7.491352947183689270e-01,-1.296782613308105486e-02,6.214572555590600622e-01,1.892733139342174020e+00,1.659325434790116844e+02
6.095747792115707719e-01,-1.041656004262062063e-02,1.576846851068161248e+00,1.882979008866037418e+00,1.706211355428822429e+01
5.189982671814594717e-01,-7.782691355082747495e-03,2.634149924596950187e-01,1.909130731032690820e+00,9.650506771546545792e+01
9.223058304442306454e-01,-1.497786762356486875e-02,7.408444405493577190e-01,1.935922099628237580e+00,1.209099548901786534e+02
6.803286091172160432e-01,-1.132087449327859666e-02,1.255012181200922727e+00,1.884183874498323474e+00,1.978879770787279142e+02
8.712620763436542681e-01,-1.546671118741311038e-02,2.602631675385417065e+00,1.939424036542415797e+00,6.436431624817137719e-08
7.389709186876245450e-01,-1.203294480540193293e-02,2.050065247945521973e-01,1.874082574209172014e+00,9.681424867454040850e+01
8.786876865323455243e-01,-1.561652198381988446e-02,3.390993692482703104e+00,1.945408498874390490e+00,1.930189103639683168e+01
6.853504650817118238e-01,-1.146023746760662515e-02,1.663952366908409752e+00,1.898758725219409138e+00,1.279411803255723790e+01
7.707866517244988946e-01,-1.401933283622945614e-02,9.377222168164439958e-11,1.948275162179925468e+00,1.611908294660260026e+02
5.826814319249832286e-01,-9.151758944154627165e-03,6.359432497340028402e-13,1.891192076843935643e+00,1.724554342409836352e+02
5.877644010406769537e-01,-1.014336478004592215e-02,1.268825192290295879e-13,1.935484126726425558e+00,1.762317530065374171e+02
8.012435391457810585e-01,-1.349478625087875000e-02,1.280692036793914523e+00,1.957458515284638212e+00,8.732032984876572357e+01
8.135455933100762538e-01,-1.254740622562237548e-02,5.401088568658968637e-16,1.928084204292696668e+00,1.420975643240517741e+02
6.877671404226165519e-01,-1.221944697733065056e-02,1.095563035057680736e-08,1.902882133357162830e+00,2.222502329595697859e+02
6.533674638518193190e-01,-1.116556023585233912e-02,1.516329240092010977e+00,1.915257646634690225e+00,8.646751008186032550e+01
7.593270486387668772e-01,-1.339314989408331089e-02,1.739696590811547594e+00,1.894033022271170319e+00,1.253240948798269159e+02
7.470968132985166266e-01,-1.339777584487081286e-02,1.788284399049685947e+00,1.951651523296591195e+00,1.506629315808810929e+02
7.148917345739399520e-01,-1.235908091819903735e-02,1.341054456484242152e+00,1.877188043498212666e+00,1.511184378550374277e+02
7.510661032019370076e-01,-1.319811555897226936e-02,6.756848030802362300e-09,1.980402987149301408e+00,2.503939707277394291e+02
7.107950061606631564e-01,-1.312356177633484423e-02,2.090796231921762782e+00,1.920790847349695296e+00,6.085984969679332579e+01
5.634181895601279022e-01,-9.045091851102332603e-03,5.119081240590627191e-01,1.910560045177218225e+00,9.363633303219839377e+01
6.704055141722830014e-01,-1.155001999690098875e-02,1.976559727842693182e+00,1.855796632131979873e+00,4.599679424381709936e+01
7.441908211745814627e-01,-1.267191733588526881e-02,2.094737798966370480e-10,1.920784718733053342e+00,1.362733021648860756e+02
7.896666610330590474e-01,-1.408425196128957474e-02,2.472057361829294475e+00,1.876203758564777058e+00,5.091158751591334664e+01
1.120422437373298941e+00,-1.797979178029816827e-02,2.686527294478005867e+00,1.984408144686218067e+00,6.199554543009454477e+01
7.820166879039750496e-01,-1.347734784284719545e-02,1.750347493735120041e-09,1.957184684718326295e+00,1.955274081651214146e+02
4.785291843997602768e-01,-7.172161256261648000e-03,4.844294436115400559e-01,1.912038030918476794e+00,9.910392373260445709e+01
5.426840728495253563e-01,-9.433206288766822489e-03,1.590920333790727170e+00,1.868201247803807252e+00,7.675578915136206604e+01
7.583718798483707335e-01,-1.165726423897209610e-02,1.150151428338853865e+00,1.896055598590137059e+00,1.411385216849355118e+02
6.271443983669660049e-01,-1.124467433814716096e-02,3.230625548057509455e+00,1.920296677508088745e+00,6.236146444395630795e+01
9.510215166542352883e-01,-1.595493501067477352e-02,1.086189320992461571e+00,1.941415329204284834e+00,1.259801005004648147e+02
9.486000258555115083e-01,-1.602149312704396339e-02,2.696040867184346007e-13,1.978574302974244858e+00,2.208299337287354831e+02
7.000039718455957072e-01,-1.237060064588156941e-02,6.125478393933257992e-01,1.880710897902583945e+00,2.078888234420499259e+02
7.610967787141613705e-01,-1.361368689565351474e-02,1.905226777304596775e+00,1.904658880442319679e+00,2.427784649185810295e+01
5.945397927316469211e-01,-1.069069699867811890e-02,6.007644791146214536e-12,1.929561236418136261e+00,1.963474352310050506e+02
9.685808320140748551e-01,-1.578943540894386932e-02,1.182246631733625958e-01,1.972627727181630153e+00,1.727265912687931007e+02
9.208741319508213508e-01,-1.557115373226623106e-02,1.072075488361621476e+00,1.947261926468502491e+00,2.431370733132159145e+01
5.720995656123659678e-01,-9.543581488373078722e-03,1.025724455401140489e-01,1.829200114079881034e+00,1.542945539177341914e+02
7.162845761835796576e-01,-1.243679692316931873e-02,2.842565026247600102e+00,1.902076385514433365e+00,1.940211349342504166e+00
7.649340795425245698e-01,-1.237484528079275080e-02,7.828713420054141744e-11,1.903832354405040395e+00,2.300189698497773634e+02
7.295090269408067707e-01,-1.289581622761576743e-02,2.404112554514043154e+00,1.887842081630868085e+00,2.453177977958458555e+01
7.536699434644020812e-01,-1.277387889533172609e-02,1.032251601011528880e-01,1.959519591806502481e+00,1.931130627879348367e+02
7.403923236598667357e-01,-1.214000188366914056e-02,1.924318992489794766e+00,1.899376154595514565e+00,1.309989080260450922e-06
7.231767417356057548e-01,-1.225904308492363308e-02,2.534999949294167629e-10,1.908111192911400078e+00,1.680387822775191182e+02
7.818053146102862394e-01,-1.387927625472500960e-02,1.552911811707518686e+00,1.927837575202633547e+00,5.403833251709350805e+01
7.580629112342811560e-01,-1.303840925889683880e-02,2.452725230217591701e+00,2.007337287110507518e+00,9.303663175294780912e-08
6.205806350288323170e-01,-1.072615870127048392e-02,3.163049927649159709e+00,1.842034377960745539e+00,6.937110977317585278e-09
7.165995240876208427e-01,-1.248497985186152251e-02,8.394519996951531615e-01,1.893070529393237500e+00,1.353343885532059119e+02
8.151437436476822729e-01,-1.410232558823231418e-02,1.009531247711582980e+00,1.932074202437817911e+00,1.175497211671116276e+02
6.474102041591753842e-01,-1.029273811871148255e-02,2.497351063414072314e+00,1.927712598579392367e+00,9.821908786470650031e-08
7.400107041243433326e-01,-1.287109220236496918e-02,2.622387609739621261e+00,1.935075700061652748e+00,2.141855133931391819e+01
8.513622360717369997e-01,-1.557976393308652466e-02,4.544303532359284116e-14,1.940325344689699527e+00,1.151053434804577620e+02
6.666158567659974388e-01,-1.117457320927205469e-02,1.597968940316121467e+00,1.939413790868051546e+00,1.106275869253971962e+02
6.841329398453670496e-01,-1.147523698262093057e-02,2.439403027824432402e-09,1.951326085479232475e+00,1.964684899376471776e+02
9.817675183278269380e-01,-1.607256987277692895e-02,4.540331072374153229e-11,1.952338141244454039e+00,2.104803952377890255e+02
6.892905813168219709e-01,-1.164626416885727878e-02,1.456866428238868602e-10,1.887819983931992907e+00,2.280909751475076632e+02
8.761330067016545042e-01,-1.494785066630304089e-02,2.053901648596202723e+00,1.984921941648699617e+00,7.919027983314888873e-09
5.823332848461787448e-01,-9.400918215655919633e-03,3.793999752855198270e-11,1.910658880560144768e+00,1.758369753807731968e+02
6.546339590659830954e-01,-1.187293712029525820e-02,7.969342656559776916e-01,1.961490384070570858e+00,1.132425082071253399e+02
7.649993574615481240e-01,-1.267467569727156324e-02,3.901545361101625420e-01,1.892452376881576193e+00,2.311415352964399119e+02
5.488942921699224708e-01,-9.175442072200687069e-03,1.644149070781213196e+00,1.927495328361777283e+00,5.815961114169932955e+01
8.528730543948551679e-01,-1.426260108435763174e-02,2.843818469423098794e+00,1.980967940642824665e+00,6.902031751696413162e-09
6.034718741061629865e-01,-1.052344271661888667e-02,2.188993042209475881e+00,1.884256982225430477e+00,9.132697457221144077e+01
7.754373605436828409e-01,-1.363562477287122779e-02,4.334178806870171430e-01,1.899960159995572662e+00,2.070824367125494518e+02
8.354922401764354190e-01,-1.452777381953469782e-02,2.585748237147264970e-15,1.906230075315655137e+00,1.642786690400344582e+02
7.085661114168557706e-01,-1.134504123485558132e-02,1.046936212225464180e+00,1.952634637925797945e+00,1.134370212402340456e+02
7.277330318069773485e-01,-1.247697423674011541e-02,2.016363502443484279e+00,1.931235915081361831e+00,3.200283680692771782e+01
4.987296292156813693e-01,-7.953360601629348367e-03,8.726239665068173945e-01,1.877100455202204365e+00,1.396102567704832325e+02
5.896058148949694377e-01,-9.582914175637695028e-03,2.202024183488184850e+00,1.977910611261999962e+00,5.617903725688946537e+01
7.571508504425090713e-01,-1.237798163946018243e-02,1.521639106357997595e-01,1.953857852797433514e+00,2.064999491068352597e+02
6.473378312456468109e-01,-1.145337477589857683e-02,1.625726397549181357e+00,1.912825272211168492e+00,2.307973147522292479e+01
7.280126273884388599e-01,-1.249311162941189532e-02,3.375770518629115924e-01,1.967480910505797764e+00,1.033325010562908801e+02
6.898927862061550176e-01,-1.173308023084068501e-02,3.809671810438384358e-09,1.894511688139115080e+00,1.330815503065495307e+02
5.989321098452650149e-01,-9.472024499477940673e-03,7.056223910799538923e-02,1.909751837558426590e+00,2.005188346171774469e+02
6.846429458638095822e-01,-1.196621068762956409e-02,4.795585366380087922e-01,1.888344921319089265e+00,1.808522150656095278e+02
6.969933551464518873e-01,-1.237279978790913754e-02,7.978548847675143163e-01,1.917371457803371815e+00,1.035423923483916155e+02
6.581132748388905940e-01,-1.199677390216956178e-02,9.529780604989609438e-01,1.895814141874974101e+00,1.130096052440865719e+02
6.522320839835884509e-01,-1.156071230015933218e-02,2.072351490002954951e-10,1.957942647833383676e+00,2.479524757469789620e+02
8.208960517541428192e-01,-1.474847816594223107e-02,1.890375346134342216e+00,1.993846504239006112e+00,2.886282833698328734e-09
7.560304892022846612e-01,-1.241554773641464007e-02,1.099297213341204671e+00,1.880110410027959977e+00,9.320653643984941539e+01
8.356089544142930592e-01,-1.412785564261000680e-02,1.486907568760805098e+00,1.947058555958705472e+00,9.092104818170061264e+01
5.842875716622465410e-01,-9.456978078523168435e-03,9.928982509826206337e-01,1.944032775472724683e+00,9.937154288798136292e+01
6.421322186285151057e-01,-1.154122148502267561e-02,3.421706838069353829e+00,1.941067789936737897e+00,1.688234179392108203e+01
8.691877074190926811e-01,-1.369450578300833964e-02,1.771103442674519801e+00,1.898012525808688844e+00,2.408565178187609353e-09
7.375047742180577126e-01,-1.311716914709468336e-02,8.667338700844695598e-01,1.924144587664258221e+00,1.970390268585639717e+02
8.702224135209634115e-01,-1.424712824752488380e-02,8.531471351740906872e-01,1.966455998790500814e+00,2.269412750133591032e+02
7.608481091394132534e-01,-1.231939179751721618e-02,1.882299973674022298e-01,1.932298686242399199e+00,1.892037461655094148e+02
5.720444381142519852e-01,-8.741837821253812049e-03,1.020928398207631593e+00,1.882796926921062486e+00,8.828970481202829035e+01
6.728062134780565806e-01,-1.126003293126675089e-02,1.502982090923901781e+00,1.925883935785173584e+00,1.399673412985081598e+02
6.512517740226944074e-01,-1.116887362664652564e-02,1.671083462620178484e+00,1.974028659416005249e+00,8.978091431412636325e+01
6.394938251798858442e-01,-1.165699050381357495e-02,2.743663723992073589e+00,1.913523026624025292e+00,2.642107966086811999e+01
8.116797397264252645e-01,-1.322391991233135174e-02,1.071649550820759078e-01,1.919866655389356414e+00,1.869588212504394278e+02
7.429302404760077527e-01,-1.393035906464731681e-02,4.083233109420106866e-01,1.946022669175634601e+00,1.727271745625922961e+02
9.217110390640157469e-01,-1.525808382948485795e-02,2.477681477991095615e+00,2.006952377006929300e+00,1.271167263800803574e-09
6.546120706189408889e-01,-1.261629050323112740e-02,9.141932700949821842e-09,1.938518412325286988e+00,2.336092442687585162e+02
8.332547768307660974e-01,-1.428582273479604009e-02,3.173358201395716049e-09,1.960221952517219757e+00,2.347933143202071449e+02
7.600988252487494989e-01,-1.300264661827613653e-02,1.828492304466780682e+00,1.922684994307004125e+00,1.757114880333746854e+01
6.349042280965895291e-01,-1.146865253746408818e-02,1.743925265852387607e+00,1.920790672449321335e+00,6.527046710637203830e+01
9.961386997660817144e-01,-1.642303909357135244e-02,1.268336413743037960e+00,1.949102360390214672e+00,7.084426778575786443e+01
8.198353488130417643e-01,-1.387859701364600393e-02,1.497056207822917090e-11,1.891388406230061214e+00,1.362599687115560982e+02
6.888669591006375548e-01,-1.176287841987368708e-02,1.208763694474015835e-08,1.931348316711638091e+00,2.045328395274987940e+02
8.218377696208468697e-01,-1.389157602924004885e-02,1.314559873532838659e-09,1.956774300779760223e+00,2.059151086937516766e+02
6.634808152805155013e-01,-1.079261569354033820e-02,1.356841594748287916e+00,1.874210077382890915e+00,9.020539589121516144e+01
6.182527876853868287e-01,-1.040784000735544938e-02,8.474812680463194026e-01,1.921811149139581065e+00,1.301381602350747357e+02
6.152610045945842154e-01,-9.708808638860732740e-03,5.280938587406484030e-01,1.941253135836222388e+00,1.086718870432423500e+02
6.853818047084537790e-01,-1.170934505631881020e-02,2.153376227633349238e+00,1.905583262251328902e+00,1.823394506444597951e+01
9.356733645322518056e-01,-1.470070245464612062e-02,2.361769454457867956e-01,1.942071504158602968e+00,1.684371312814269857e+02
8.222805131308296156e-01,-1.462012768413472122e-02,1.690432624261273276e-01,1.961825630240790375e+00,1.164492027724695191e+02
5.832005273750047181e-01,-9.233398178587409050e-03,1.879625600684082187e-11,1.899530336395383934e+00,2.558575568597420897e+02
8.458725175962013010e-01,-1.457565111964298152e-02,2.452124120062032504e-09,1.936032351259867390e+00,1.934661218487873668e+02
7.672061805848494620e-01,-1.329310758666058662e-02,9.862637226057412443e-01,1.917938759988939923e+00,9.065206649093931901e+01
6.703653306206999174e-01,-1.300898131517807914e-02,1.984448343762519107e+00,1.949580376792686254e+00,2.539942804185710795e-08
6.339714596306915695e-01,-1.051827459188962692e-02,2.532753901173700584e+00,1.895682245736224569e+00,7.963863147110057383e-01
6.949000305862139681e-01,-1.175038077962835444e-02,2.413084817941334226e+00,1.953252253865628285e+00,3.377456854228906025e+01
6.799699461533388334e-01,-1.343961014086210784e-02,3.188683522498825251e+00,1.929556076126625275e+00,8.861801751137809410e-07
7.236352142187363334e-01,-1.184878467318802552e-02,1.346006438209974343e+00,1.941604953406414591e+00,7.184924043340782873e+01
6.975103210014159671e-01,-1.179037763947434966e-02,2.243532313453603599e+00,1.931974008109671459e+00,3.018803838520243943e+01
6.948575133303700468e-01,-1.166562483956615215e-02,1.186679666634190111e+00,1.888914157998232923e+00,8.673125790613919150e+01
6.569419319366209820e-01,-1.138642303612878541e-02,2.664005770131140594e+00,1.923987226224003866e+00,3.578167759004161042e+01
8.701513931097034638e-01,-1.421359780352671014e-02,1.252600642636678030e+00,1.929990240870914420e+00,5.042972281679507063e+01
9.526961517996184181e-01,-1.642411389300676636e-02,3.159425091754280324e+00,1.958585369433054613e+00,2.721006137887595437e-08
6.548013701062539438e-01,-1.123151769825412975e-02,8.338915919430909263e-01,1.911760067957947395e+00,1.654715670934686784e+02
7.516934760913931424e-01,-1.228400219535257833e-02,1.760568990410980694e+00,1.929573994423873007e+00,5.392125209412839126e+01
7.142549122857078103e-01,-1.210467206382447730e-02,1.169002273464494257e+00,1.887494382270985538e+00,7.703780920499468721e+01
7.241382520227953590e-01,-1.191218490250930788e-02,8.459584624036430300e-01,1.937485203607111295e+00,8.883449897934876560e+01
6.299799741565792477e-01,-1.069310832225512514e-02,1.998075041284564646e-01,1.908732786202365750e+00,1.871231770583139564e+02
6.124005975730526519e-01,-1.068541688890133935e-02,2.228457358144138478e+00,1.867370247688857399e+00,5.752352187301895725e+01
7.575966976782722018e-01,-1.280922126757363597e-02,1.330938250507670745e-09,1.961493454394154901e+00,1.938541101769194483e+02
9.025892053610974353e-01,-1.587865375293798578e-02,2.439917806090557140e-01,1.910811042712217134e+00,1.958506196360697516e+02
7.383844371470031920e-01,-1.219920247817352608e-02,9.702944518702095733e-01,1.924117544065806928e+00,6.973653320527336064e+01
8.174298041185567021e-01,-1.420807961150772139e-02,2.271424927909666915e-10,1.865088610998018703e+00,1.765627708650053194e+02
5.367807003378310959e-01,-8.980864287523777217e-03,3.427160623360731573e-01,1.942664954182283577e+00,7.990958269450186435e+01
8.135590899532888498e-01,-1.293800833072778801e-02,2.415450453474389025e+00,1.921719122187972806e+00,4.987732558602223065e+01
9.504313034528700799e-01,-1.611710501083065197e-02,2.038849658272246401e+00,2.004624853236550930e+00,9.101223915254953295e-10
7.610047134505117938e-01,-1.371772478780605362e-02,1.105049899337423147e+00,1.974981287755204429e+00,1.161793132129937902e+02
7.522333032205573700e-01,-1.223821158183191309e-02,2.022154236229639857e+00,1.880132588347041223e+00,2.081059679745633773e+01
6.382275158706651741e-01,-1.145175389574689534e-02,2.772564507567035097e+00,1.896394157411618098e+00,2.025999132883428661e-09
5.264608407956729019e-01,-9.510056005473293064e-03,5.360753672222371424e-01,1.896322970441749911e+00,9.539307820713696628e+01
7.551767681562360224e-01,-1.252610623737920176e-02,7.947787570264861623e-09,1.929829080073397707e+00,2.121304688885326470e+02
6.350375353560576697e-01,-1.069370590183280761e-02,1.908078723357885531e+00,1.924050466637411860e+00,9.240333534797359505e+01
7.037033581869063248e-01,-1.261478820388848426e-02,6.799420402811574560e-01,1.920942200225237650e+00,1.842399459303629499e+02
5.173078427467698859e-01,-8.118990117339448462e-03,1.724762185099993905e+00,1.855593577106422476e+00,7.723413379512903987e+01
6.017386715399728470e-01,-1.124657261043417178e-02,5.380841272892765703e-01,1.855864981978838202e+00,1.655643188909907622e+02
8.187615627597955026e-01,-1.415886925340422570e-02,1.896178559140403674e+00,1.921956810016234085e+00,7.163074927336985809e+01
8.281151963512795033e-01,-1.431227568575888127e-02,4.582062481149062338e-01,1.932260480972592287e+00,7.696623792543078935e+01
5.226276020124694943e-01,-8.986309834163890356e-03,1.336636245650762334e+00,1.877370204985729929e+00,1.114952092010460944e+02
8.192679482327009932e-01,-1.406168570779673700e-02,9.358346672230610785e-02,1.971275035757068084e+00,1.288396389738727237e+02
7.491380529779337882e-01,-1.298425659290441438e-02,1.769449027688315024e+00,1.921651223203108438e+00,1.117312646093714221e+02
7.260110325101872819e-01,-1.186458091379803854e-02,2.393008460450733121e+00,1.915367224890982989e+00,4.081215612348992039e+01
8.692397780551381903e-01,-1.414362532575146741e-02,9.347405872813627781e-01,1.925793458402578207e+00,1.309742765577938428e+02
6.658776727627713221e-01,-1.117665503511251594e-02,1.273413684758145425e+00,1.916423047951744119e+00,2.092064843205093325e+02
8.237338610646748327e-01,-1.443538010165230055e-02,3.068201890007506538e+00,1.951229431533952896e+00,2.292113505491953835e-07
7.967260094650207014e-01,-1.319843208250294150e-02,2.126927169430919307e+00,1.938471255111742231e+00,2.600860852570977344e-08
7.901557930968962085e-01,-1.314523951147673723e-02,2.762273709586991810e+00,1.989846379439431878e+00,2.901077692271013406e-07
6.474912672369051991e-01,-9.818487269666451370e-03,4.140335811134215338e-01,1.928598545365924455e+00,1.878019966998226664e+02
5.347415543976298258e-01,-8.369940951787694858e-03,1.283720766471174501e+00,1.934796981577328934e+00,7.195870090904828756e-10
6.870850462243990320e-01,-1.253690007186054368e-02,8.698559275194633145e-14,1.923922976981238264e+00,1.336095749416528520e+02
7.483963593063304165e-01,-1.205998266311576229e-02,1.128438992378807626e+00,1.908276284071588336e+00,1.596936639256267085e+02
8.795488294597525458e-01,-1.349057195220372367e-02,7.782665628428587778e-01,1.953805447990767385e+00,1.390370178415238911e+02
6.116296975079325016e-01,-1.054340950641398551e-02,3.244231434010149684e-01,1.844168357540183045e+00,2.633551238262218703e+02
7.175876169647107394e-01,-1.213714356596735412e-02,2.427791983400682476e-10,1.929296430042641619e+00,2.932877123273619873e+02
7.572737993367917309e-01,-1.298751379509749219e-02,1.097951928084057283e+00,1.983592318950715194e+00,2.192049509590260215e+01
6.943077817278545671e-01,-1.066003859299496925e-02,2.698769558938348467e+00,1.984267884149750305e+00,7.323602969648523737e-10
7.910134447595291718e-01,-1.359034911011330372e-02,8.129751585530572422e-01,1.932851955146108525e+00,1.142549948395949286e+02
7.472025399543972268e-01,-1.272575712385872956e-02,1.785891336002116914e+00,1.918569986338650724e+00,7.863221719074044813e+01
8.501550349192609213e-01,-1.390885228912824324e-02,2.640506394830497566e-02,1.905896371065051387e+00,1.687536799002404564e+02
7.137302084112011613e-01,-1.219700724896673194e-02,1.302240440716085912e+00,1.906167251413013464e+00,4.840113141812944519e+01
7.512327177997829564e-01,-1.323926057585432525e-02,1.749912193512418224e+00,1.904792032125218970e+00,6.561142104772746109e+01
5.621435571549520116e-01,-1.057499188371351269e-02,1.229669018858317475e+00,1.939935159810737275e+00,2.257974115387526410e+02
7.496124371975336764e-01,-1.305851468643649642e-02,1.844864271335089567e+00,1.884333204953102747e+00,4.362473175157847294e+01
7.661823437489678756e-01,-1.275038760778757566e-02,2.935658858297980835e-12,1.922316659330561839e+00,1.030521063605989411e+02
8.822896202511132380e-01,-1.463401759065971822e-02,1.385122798879387718e+00,1.915274823207210098e+00,9.615306864698449374e+01
5.682823998797477127e-01,-9.731544577473733720e-03,1.752049276095761554e+00,1.926707461007026945e+00,7.501235877651518535e+01
5.980664240445715540e-01,-1.063183736182992181e-02,8.040974860301720626e-11,1.881305460158497533e+00,1.268316222118190808e+02
6.625191986143682543e-01,-1.263774964022299808e-02,5.172153947462726573e-11,1.877474451797719768e+00,2.315481599490175313e+02
4.627898762616787787e-01,-6.631685206193309833e-03,1.049719693408412757e+00,1.865675173506745832e+00,1.656663177452023774e+02
7.773910489675006641e-01,-1.335868222571261546e-02,4.785027935586447789e-01,1.920357890474041707e+00,1.690583509754269471e+02
9.765580687369215251e-01,-1.599412278355770087e-02,5.180716408496995884e-01,1.945329759940143788e+00,1.695823965899145946e+02
9.620510773065897858e-01,-1.648454987957225643e-02,1.448031975444881008e-11,1.931062900336405264e+00,2.432083779587834726e+02
7.925759438850513705e-01,-1.325745810839291938e-02,1.753637918260898987e+00,1.960137290992842507e+00,6.329115551887632307e+01
6.979109013757101021e-01,-1.138324291213905180e-02,1.549968035000470756e+00,1.929942220925235485e+00,1.292665398654374940e+02
5.540330696889342876e-01,-8.137899821859258254e-03,2.259700961311263828e-02,1.827806240620702294e+00,1.922598009998265525e+02
6.936148006984093062e-01,-1.224695988730425261e-02,2.221252280292548509e+00,1.887121234184126584e+00,2.752517439213774963e+01
8.612544224609597343e-01,-1.573005446270754268e-02,3.953599919356445280e-01,1.952203225314948387e+00,2.055304087057099593e+02
7.671132622739957885e-01,-1.359550539240042023e-02,8.296023313644173003e-01,1.970164679632552707e+00,8.049539655037817454e+01
9.742974361724248133e-01,-1.577795839694228625e-02,1.196779672779790360e+00,1.948650337459641335e+00,1.633055509984878313e+02
6.477694647921795612e-01,-1.135962871902548334e-02,7.278632758924287183e-01,1.901107519959509773e+00,1.497734137186181442e+02
7.914084998652650693e-01,-1.357104898528974438e-02,3.225250428090863153e+00,2.001967533382142062e+00,6.402247579263772101e-10
8.535798113534187603e-01,-1.475979006400609389e-02,9.373967724208775998e-01,1.961334459158812216e+00,1.655534353043097440e+02
7.332534494546452120e-01,-1.243425143602858163e-02,2.092572090624862106e-09,1.987243719716738966e+00,2.220454883911351089e+02
8.042548080764944096e-01,-1.385486527629323748e-02,3.334351371946364218e+00,1.990032607551644128e+00,9.047439245220627716e-16
6.013477704389319500e-01,-9.747284187975002040e-03,1.234420513964853638e+00,1.976155321126943809e+00,1.278474445167769176e+02
7.860901795139703108e-01,-1.300852480504143330e-02,4.089204971170726788e-01,1.940369489243121137e+00,1.898208654808261429e+02
7.060721137292650385e-01,-1.174061001765410762e-02,2.041116733728547850e+00,1.898331331262980370e+00,6.963107081908481177e+01
5.800404175720111910e-01,-9.437951932262241342e-03,4.307894826740733540e-01,1.932658646015900317e+00,1.510494351449983981e+02
6.103066910020602531e-01,-9.765378296615771780e-03,1.409993977415711752e+00,1.918132783004240505e+00,7.904639890162522420e+01
7.873546926809771307e-01,-1.345593878199259977e-02,7.160555652292264206e-01,1.937658817342634121e+00,1.737492314831511067e+02
6.363549706749248580e-01,-1.041132360809389826e-02,3.237328239350468539e+00,1.929846259439616851e+00,3.631559513993079946e+01
9.721871898266153389e-01,-1.521924062459757698e-02,2.711050884136154693e+00,2.015055929965125170e+00,2.569977805200332282e-09
7.358951471848482750e-01,-1.237985248727793003e-02,1.463374587676013361e+00,1.992839744473712704e+00,3.594467787877804296e-08
7.071829096972790385e-01,-1.203045754134773014e-02,3.309753033222601060e-01,1.870312094863631369e+00,2.116692557380301309e+02
7.977153275939491417e-01,-1.257796449207120547e-02,2.702835899482946669e+00,1.910092146409851699e+00,6.007332437913666745e-09
6.453222034362118276e-01,-1.068574574053705872e-02,1.574293706631333167e+00,1.844807809716414448e+00,4.191770951136673327e-14
9.560108542769161222e-01,-1.526886963467609382e-02,1.177751492164858638e+00,1.957340857183576421e+00,1.182653250008549151e+02
6.459887172178465642e-01,-1.162206422008432195e-02,1.527422100977154251e+00,1.921696511106144589e+00,7.374103630579510593e+01
6.292892613905143318e-01,-1.144764939766566327e-02,1.022485632002271272e+00,1.955242137294767923e+00,1.255223197381383642e+02
6.801037215660848956e-01,-1.113501746061939558e-02,1.343537129347696757e+00,1.973168606642845102e+00,6.493949796651797612e+01
7.462014657776809834e-01,-1.242696091022265845e-02,2.387472237024914623e+00,1.956137325300602470e+00,9.953338030605344116e-07
7.622906846233485911e-01,-1.286809496587047914e-02,4.791478792467725866e-12,1.942915479038230142e+00,2.176048371447251384e+02
7.888435519713465904e-01,-1.407660212454357740e-02,2.477591017020530195e+00,1.921361395720201370e+00,1.316551189324650579e+02
7.331871280806842028e-01,-1.367097380632481367e-02,2.430652890315573192e-15,1.943671516592649029e+00,1.073058410008441967e+02
6.271442450265343194e-01,-1.083881149101418098e-02,3.734348632639284850e-11,1.907538418611872677e+00,3.102316552604642652e+02
7.975415559551018996e-01,-1.381739651186752495e-02,2.434752445185761616e+00,1.954380586585111601e+00,6.145858591841761864e+01
7.910791110535951853e-01,-1.441153461696006999e-02,4.675421803220239370e-02,1.966152525273614726e+00,2.046637428170080568e+02
7.407096088146492008e-01,-1.259866848148889079e-02,1.257865685331071015e+00,1.844751063392660040e+00,1.533240895550313780e+02
6.367656607253960876e-01,-1.161246124317368705e-02,1.751779537489327465e+00,1.880064222496601323e+00,4.604697627830898909e+01
7.086311411644179437e-01,-1.234584273059242433e-02,2.663086299786926681e+00,2.002055232822504749e+00,3.572160818297753821e-07
8.522660242953369325e-01,-1.430244695244345388e-02,9.649841029091702493e-01,1.928381941188843429e+00,1.031021355437425626e+02
7.780336095677065078e-01,-1.316694608276353096e-02,2.390870860565967461e-09,1.939778329258733169e+00,2.483424182159383520e+02
9.021848809040582395e-01,-1.566261964066364282e-02,2.354025307835233860e-11,1.979146677422209954e+00,2.365513217925281140e+02
8.252844160140385688e-01,-1.443295826008579585e-02,1.127231234427216400e+00,1.897805062226871398e+00,1.794478374048754574e+02
5.610248208183854501e-01,-9.552822197128817486e-03,1.670118011904289324e+00,1.869176111943048113e+00,1.192550210111623841e+02
7.518677457647247042e-01,-1.276423595448123588e-02,2.495084565143747657e+00,1.918318950182231086e+00,4.536560315128503412e-06
7.891358364224683175e-01,-1.278395654972016085e-02,1.003440219709691347e-10,1.918216843956580542e+00,1.759886356104237848e+02
6.045592159527276577e-01,-1.013120100612233468e-02,7.984212476412598791e-01,1.898339244963718198e+00,7.635113699684957567e+01
5.677931161282390171e-01,-9.822290598740837306e-03,2.265385100564225151e+00,1.949473780337067197e+00,3.148874069888219651e+01
7.391303953942961469e-01,-1.348444223028301067e-02,2.851402577352121770e-01,1.863644593307012709e+00,2.074704670754788367e+02
5.583700066306898080e-01,-8.727650631141945989e-03,1.865528864699316003e+00,1.888634832089639559e+00,1.441646760830900575e+02
7.682889770341057023e-01,-1.265006529772408871e-02,1.180383484740203492e+00,1.933094436101383984e+00,1.721766887417605290e+02
8.527619660627330234e-01,-1.428380535403327850e-02,2.093006438878173725e+00,1.916390138023931433e+00,9.914567957396934972e+00
9.122580118818492956e-01,-1.536551043875732624e-02,4.352390399120517617e-01,1.939873647339259488e+00,1.494807489047445586e+02
7.557014696490040873e-01,-1.239738876692862528e-02,9.620714087222093092e-01,1.963561957096829680e+00,1.169429378878114818e+02
6.262721090455223294e-01,-1.031775680530348273e-02,1.563664460289837299e+00,1.910367571660206876e+00,2.833405275033127779e+01
7.627915361567528807e-01,-1.337236371772725432e-02,2.455434915367859186e-17,1.880097919906209114e+00,9.505791775238677133e+01
6.554218583795416997e-01,-1.092525593736483336e-02,2.290574658581384870e+00,1.942679254737404548e+00,4.523668210271021195e+01
8.472470404594045768e-01,-1.379945414209622460e-02,1.607722725315284553e-11,1.949059519683151054e+00,2.408915507993071401e+02
7.428904376629136275e-01,-1.257839409889363429e-02,4.605636080977797114e-09,1.924386496750037701e+00,2.019562080116446907e+02
5.954947219647110934e-01,-9.974256202116052114e-03,7.378290790057723258e-01,1.926500104504818900e+00,1.351516337715038389e+02
6.896726118008088546e-01,-1.161493941119279977e-02,2.229447891835695847e-15,1.882556103990517427e+00,1.172738024962527845e+02
6.141094789507584029e-01,-1.100442107842127676e-02,1.806976081995386729e-01,1.894218265250533273e+00,2.268103731774268965e+02
6.132724312041561987e-01,-1.033941618771051438e-02,2.164283764719592718e+00,1.913815122929416468e+00,6.493340728825610597e+01
6.766093429660234859e-01,-1.135558701285912207e-02,4.494432862597270151e-01,1.915832145279167786e+00,1.874162124166300600e+02
6.734365233446967247e-01,-1.149731268325193331e-02,1.261544369244865349e+00,1.886964515608647419e+00,1.604745966167203051e+02
6.295464123481152585e-01,-1.108059475604549621e-02,2.947282183417458956e+00,1.898019775102677720e+00,1.524194435105036227e+01
9.678203225472241655e-01,-1.582379194850420251e-02,1.466086739690116936e+00,1.980222906310160180e+00,3.410816912121843814e+01
5.925091153352041173e-01,-1.064027212032754403e-02,1.833937756326955437e+00,1.872695762956218868e+00,6.063411906418293995e+01
8.422816400992417796e-01,-1.418314915419652614e-02,1.920645144027274265e+00,1.947733976335966455e+00,3.013858177613026723e-07
6.419009611410041449e-01,-1.076197632477624705e-02,8.752945667971050445e-09,1.915322585996252824e+00,2.410310734486801323e+02
6.198430244668330369e-01,-1.082333107079784182e-02,1.721442427260258423e+00,1.938196988678348109e+00,6.913985152270191747e+01
5.951639633705086974e-01,-9.910851780921369272e-03,2.113015287669362406e-11,1.976068852450610480e+00,1.553426990676194066e+02
7.054066614375815725e-01,-1.224528119209085733e-02,1.203122168929396718e+00,1.902242953822137705e+00,1.327041889202714060e+02
6.980676162603383084e-01,-1.158018835465452964e-02,4.057292762254593455e-01,1.931846856027933601e+00,1.988294979779623475e+02
9.245017232119598916e-01,-1.537135332928665950e-02,1.842765778513426045e-01,1.929889510000751374e+00,1.288634208889264983e+02
7.955170013586784217e-01,-1.338757158205592518e-02,1.451423876905789445e+00,1.959574689031625905e+00,1.324165411280363287e+02
5.308105363836572721e-01,-8.520743426487809372e-03,1.824690456267643590e+00,1.874074170450331200e+00,1.286170763659797558e+02
6.720494240750252146e-01,-1.199013890196177524e-02,1.245577099518303532e+00,1.981548674707135804e+00,1.029942263248378680e+02
8.496393514658880930e-01,-1.463286753075517845e-02,1.474332124363279428e+00,1.905195569139362277e+00,1.005550312441189931e+01
7.871472496907652161e-01,-1.381979062637908422e-02,2.412445145711573868e+00,1.943372394622118637e+00,5.170019080565367195e-07
9.141374849524223078e-01,-1.463192925555127123e-02,1.166444860107909376e+00,1.928399383302773273e+00,1.029511984665806494e+02
9.066222442983533636e-01,-1.457467085755382100e-02,2.310745885081975648e-01,1.953838038233090879e+00,1.694273434773228928e+02
5.771042242161112945e-01,-1.081941850720935863e-02,3.869704933133508717e-01,1.913307335826064826e+00,2.501397401326623253e+02
6.464132243247988630e-01,-1.028301401933988564e-02,1.014043651278054847e+00,1.884917240369803126e+00,1.575026973850423531e+02
6.751738268212610361e-01,-1.148824127960564913e-02,7.805029799813296976e-02,1.969080433491718463e+00,1.028239994337444472e+02
9.275442297593354812e-01,-1.560771069643307994e-02,1.856055785150905857e+00,1.904748903070869082e+00,4.710676185259187321e+01
8.536105471115267296e-01,-1.458070041057601789e-02,2.291065938149424941e+00,1.947844805995464723e+00,6.136841229401188478e-07
5.140475016408658782e-01,-8.836509844767975394e-03,2.061387063208771853e+00,1.904945490234682515e+00,4.291398706244025618e+01
6.173778953295245842e-01,-1.113387179498014773e-02,5.535512592442362045e-01,1.913091599390457587e+00,1.643092218935639153e+02
7.930707403969318170e-01,-1.357958433628570979e-02,7.143966479363144106e-01,1.938445671853184615e+00,1.745816322691823643e+02
7.006061037485041831e-01,-1.245126320912854495e-02,4.820381007737624679e-01,1.913595613251892980e+00,2.177289718533636176e+02
6.468551138374031284e-01,-1.076373813721582216e-02,1.720745235194723444e+00,1.902115483633572524e+00,4.109276548802006144e-09
6.481383055533606052e-01,-1.152644644259896711e-02,2.119032058000426472e-08,1.879953463398908564e+00,1.524826379519394095e+02
9.612379063880766017e-01,-1.695332936351743452e-02,2.666741944368035355e+00,1.933719581702328050e+00,2.029940393615164140e+01
6.601833547289602810e-01,-1.097401671035196612e-02,2.803512075429925421e+00,1.902744902858136689e+00,9.900567892445780060e+00
6.358766967853377583e-01,-1.085943647046366638e-02,1.540945924250442634e+00,1.880929180486641705e+00,5.734044833456650281e+01
6.396976419686082327e-01,-1.152506149144168733e-02,1.604420090178872993e+00,1.911567441868802675e+00,1.223252181874948690e+02
7.539228513662283859e-01,-1.322180174971158625e-02,1.163493646129438730e+00,1.926833332023596190e+00,1.239470793193757174e+02
6.379857357291488507e-01,-1.076953083591443948e-02,1.358895783706406719e-12,1.931673437545670780e+00,2.524863772662190229e+02
5.243123106553317925e-01,-8.465646357892124205e-03,6.541627989696090495e-01,1.929305637515147831e+00,1.016543907137010194e+02
8.642746914968759686e-01,-1.450543763999404337e-02,1.395543472587486233e+00,1.943045808861337154e+00,6.182892460119665401e+01
7.308715626772768204e-01,-1.308401593449032459e-02,1.688290318359635833e+00,1.888039215556930328e+00,7.735065168437495231e+01
9.056251021883127139e-01,-1.469275843096660809e-02,2.206537528793513836e+00,1.965882227238763491e+00,2.933577079829111867e+00
9.046926924919258539e-01,-1.559665703973300843e-02,3.739977336312263922e+00,1.915381104598676165e+00,1.706775852434103413e+01
7.604819271049596541e-01,-1.355526515199433936e-02,2.336513042957657049e+00,1.926625715630864821e+00,2.407254107336600413e+01
6.725877497588835796e-01,-1.116068501536061040e-02,1.044044155578029764e+00,1.909342248896523708e+00,1.398721797708919610e+02
7.672196409010508811e-01,-1.316929533525714596e-02,1.385741282313703415e+00,1.961722119157846889e+00,1.556268429103789863e+01
8.805974487449027555e-01,-1.363461262444878863e-02,1.724552975449162443e-11,1.986173326518875015e+00,2.089108117438592842e+02
9.010619993433967023e-01,-1.429016149041582168e-02,1.549599708044132829e+00,1.909507111710137206e+00,1.021803757516235720e+02
7.257538508163653423e-01,-1.200671841005454543e-02,3.480475268971531921e+00,1.926161817559955525e+00,1.354956575837118077e-06
8.145794931660668148e-01,-1.392871740617143868e-02,2.203621771397223483e+00,1.967255870192048617e+00,7.893381379056698677e+01
7.051498963149067656e-01,-1.189620576405182352e-02,3.512074446562808153e-09,1.916531782165848297e+00,2.724432254420668755e+02
6.945776928897463565e-01,-1.104673679251831457e-02,1.490877822481667225e+00,1.891743209356967936e+00,4.390447002071412186e+01
7.403705981711468098e-01,-1.215768960644185957e-02,1.353643051822316062e-08,1.882761488053454224e+00,1.993616423708480454e+02
6.783336972971650836e-01,-1.158305398099646749e-02,8.871521090460521286e-01,1.948617617826197579e+00,1.184594978169471631e+02
9.388564102875578410e-01,-1.527775847860924491e-02,1.893030900017863116e+00,1.993920769333239473e+00,7.384123233705911472e-10
1.060531179215050246e+00,-1.660983344772107642e-02,5.481233404932355519e-10,1.938836099792934364e+00,1.425191732569494434e+02
7.340396486519464858e-01,-1.302269077261910234e-02,2.241750831583462666e+00,1.910899402987884299e+00,2.853609267780432052e-07
7.373074624115121267e-01,-1.215522963254325392e-02,4.256249114183712767e-01,1.941162147826148932e+00,1.280752013179490802e+02
5.369763618434004737e-01,-8.517751646133071147e-03,4.109127114219897070e-01,1.846724652034046121e+00,2.421297803422899619e+02
6.601012523909727259e-01,-1.049119682544837756e-02,1.068593785417822906e+00,1.840619992472260158e+00,8.405884869694338590e+01
7.605062048408248732e-01,-1.259868079044542712e-02,1.231941923064115291e-01,1.944220935778874226e+00,2.549821900615895913e+02
8.669400509193010418e-01,-1.432288176836221151e-02,8.575178296983840265e-02,1.924354514589757148e+00,2.462043689582949071e+02
9.488698055528992370e-01,-1.486321410775513253e-02,2.646960591569964993e+00,1.974414348484357484e+00,1.244223670697959916e+00
9.341106685805722343e-01,-1.569556556548331108e-02,2.337210116109938340e+00,1.924301815717823327e+00,3.150582301271570576e-09
8.265505220119854224e-01,-1.377945467329583229e-02,2.101993921486278616e+00,1.885916923964868763e+00,1.813971819529579521e-07
7.593989694430323123e-01,-1.245612879327087294e-02,1.306775985795647133e+00,1.895369900638834926e+00,1.627405913758958320e+02
7.736856028975594990e-01,-1.252774695806078628e-02,2.666392368414660208e+00,1.882860918620573365e+00,1.078214883063356844e+01
9.116277832469582565e-01,-1.454193300501754015e-02,1.879141955052230140e+00,1.955301609294713305e+00,3.214105823635526176e-10
6.301394667383725112e-01,-1.094141042023480913e-02,1.253208003347717758e+00,1.888452310709399784e+00,7.736747659691910428e+01
7.361235187556742776e-01,-1.296020506234504995e-02,3.541386100230406266e-08,1.897497260160692756e+00,2.285941938067445562e+02
5.944581396159707154e-01,-1.047878613605904806e-02,1.287549237248181155e+00,1.880284090344572334e+00,3.143668730824041546e+01
6.987089449287271492e-01,-1.272792942982080289e-02,6.783674833620060296e-01,1.910955319414495701e+00,1.004491081797963261e+02
8.605199297316128426e-01,-1.321470085399712932e-02,1.791237342974913327e+00,1.946767243556161375e+00,1.129468245033193341e+02
8.056996254767757604e-01,-1.423329387545632305e-02,1.674111132008862857e+00,1.982795302605663945e+00,8.056737789455314669e+01
5.874800383756311195e-01,-9.715986845389089702e-03,2.117202101744531717e+00,1.869257257942131378e+00,6.624041448099199592e+00
7.041392558187031803e-01,-1.154137189551968264e-02,1.352620607399482197e-10,1.892805253004031574e+00,1.483608573836280868e+02
5.392213982672565686e-01,-9.371117808860074394e-03,1.404481099817246316e-10,1.883149370427947167e+00,2.486871253953914902e+02
6.918689529352990419e-01,-1.232856517664864850e-02,1.049142153271093392e+00,1.853122433957721915e+00,1.611612883096721660e+01
7.631781456302205724e-01,-1.280818111014118271e-02,7.625890307534233690e-09,1.967281080461752429e+00,2.087236986401794354e+02
9.760462517493788681e-01,-1.602413813045825905e-02,5.041069480555452342e-01,1.968615791309739738e+00,1.107693645201533883e+02
9.410550989914547859e-01,-1.594045039253920784e-02,1.658265928517243082e-12,1.930623781729828403e+00,2.864428962017950084e+02
5.277364777414936814e-01,-8.769467824885433804e-03,3.647247004200997699e-09,1.902233657333977535e+00,2.053599323799250840e+02
6.946875385584581064e-01,-1.152375397407578127e-02,1.181168914821242311e+00,1.923670228595480536e+00,9.519415859718367301e+01
7.010884120679470310e-01,-1.175095567716002640e-02,2.084855313404923915e+00,1.889275567978399462e+00,5.030984630776842437e+01
7.425293794322130880e-01,-1.200210164802300791e-02,1.683383593933137190e+00,1.896188585945102201e+00,4.204954967509473107e+01
9.596203839573256289e-01,-1.549325547514865398e-02,5.937524043142881069e-01,1.954786005366215607e+00,2.170317840911270366e+02
6.507751633011747971e-01,-1.070527866441292608e-02,1.354338992003478959e+00,1.900206293043792627e+00,5.886335913827085875e+01
8.294807784606058609e-01,-1.443220002313409280e-02,2.170766219736576907e+00,2.009934824335704917e+00,4.469827584924102837e+01
8.564067027337506355e-01,-1.485186669503406505e-02,7.528452184380017842e-01,1.899190372297082652e+00,1.500558525621719923e+02
5.947323365430375874e-01,-1.100893976909759868e-02,3.108512049455981696e+00,2.007704133371728261e+00,2.092921119620783299e-08
6.665067232315868839e-01,-1.122466874023647643e-02,2.322108070243319999e-01,1.927648007976677347e+00,1.193832712476956601e+02
6.863809927787137832e-01,-1.224542944954794613e-02,2.186860643554006806e-02,1.879533545609548328e+00,1.699818903286211480e+02
8.243046674988332434e-01,-1.463959260246265083e-02,6.575674991601746511e-01,1.918809467403011393e+00,1.701810219908337558e+02
7.157187496570042162e-01,-1.219453845271569435e-02,2.229141652788538597e+00,1.920769752354653415e+00,1.393468996167785296e-08
6.472886530849103481e-01,-1.116416705963805232e-02,2.940216663212618098e+00,1.900886689125460105e+00,4.161654026697248080e-07
6.196981040019612363e-01,-1.070491465350308438e-02,3.745995795264230876e-01,1.916833923679094998e+00,8.858558253665808024e+01
5.564686347106292397e-01,-8.874354122166618064e-03,7.500827556723409506e-01,1.857829188422848832e+00,2.063688893149249566e+02
6.567627736762237101e-01,-1.098206123538484312e-02,1.554029999688037345e+00,1.928008337462534527e+00,1.011589692859161715e+02
5.948647456630502539e-01,-1.069765771027615490e-02,1.478215151122274307e+00,1.917544345154518437e+00,9.905552760824461700e+01
9.237099960689332256e-01,-1.529615038047092181e-02,2.002611342326560795e+00,1.968405600444093517e+00,4.954367474841752693e-11
8.431047956128063792e-01,-1.322363206698239264e-02,2.280794119135041598e+00,1.957007208828986267e+00,4.123786274671544305e+01
7.129571442263518133e-01,-1.248107300439630848e-02,2.101321513711895239e+00,1.933236541880738457e+00,3.673051881533235873e-09
9.294119218865419807e-01,-1.572979239309986801e-02,2.296243048544017284e+00,1.944385291521450343e+00,8.447298749451512379e+01
8.103236678606018373e-01,-1.315828556368956077e-02,1.530344492955513891e+00,1.948167833417670858e+00,4.930414021770550193e+01
8.462080685419314241e-01,-1.421044080792721251e-02,1.103524815398602366e+00,1.916554427290518614e+00,1.311060454143403433e+02
8.902154069324272889e-01,-1.568616193207329063e-02,1.480444459091724951e+00,1.982029318891196379e+00,1.054137796689916939e+02
6.351833659687617928e-01,-1.147706038531349365e-02,1.765156011625082400e+00,1.871416600642451078e+00,1.644720503761980410e+02
9.281117583785797320e-01,-1.480596069438784405e-02,1.399274512778978741e+00,1.931131665739604930e+00,7.561913188935427854e+01
7.296263718915600993e-01,-1.296568070878625044e-02,1.071915555659074926e+00,1.949073863055404976e+00,1.487906404246329544e+02
9.140490365495995695e-01,-1.434919554455873179e-02,8.021403495364223257e-01,1.981180281745701599e+00,1.556434893254657652e+02
8.826246995429254394e-01,-1.556620660156240663e-02,1.968522041984944505e-09,1.968107535855831092e+00,1.971139848938720718e+02
7.006035181096315068e-01,-1.143464679495042463e-02,2.404071037123899579e+00,1.929301961272422261e+00,1.913819677614062797e+00
6.840388981867411289e-01,-1.116919216936855877e-02,1.842664241770671069e-11,1.880192771100550608e+00,2.899274952852472325e+02
6.115545404227261672e-01,-1.047919289898756150e-02,3.282402830217517084e-12,1.928762076322318775e+00,1.607634371379161280e+02
8.230385663974373323e-01,-1.431126155089064086e-02,3.795008654106633017e-01,1.984618970585889430e+00,2.001829014019851058e+02
7.875029503997209579e-01,-1.234604912897629449e-02,1.090860412159517123e+00,1.956018401110069860e+00,1.384869317625228859e+02
7.109076582201645511e-01,-1.156508895857647802e-02,1.475518955321518888e+00,1.897729363159990745e+00,9.557373809408551324e+01
8.878912098954450105e-01,-1.509087767583922393e-02,1.860157970558814933e+00,1.953560710385974453e+00,7.065132692391567265e-08
5.989128274824863096e-01,-1.033315417843027988e-02,2.069650665743031581e+00,1.904340763477233134e+00,3.760763257327788978e+01
8.755122597687038377e-01,-1.422574842648670866e-02,8.716669970759898245e-01,1.941485340891042188e+00,1.348465654979532644e+02
5.707979619574711228e-01,-9.819611225874403174e-03,4.951196415310812526e-13,1.872262825874592140e+00,1.588345984155293138e+02
1.042017904676899143e+00,-1.568720057713202803e-02,1.849920933326415939e+00,1.963796599981588509e+00,4.955685912245341587e-13
7.472066939597756807e-01,-1.195180404945190775e-02,1.299029401613746562e-15,1.914986340136649590e+00,1.662998056761325074e+02
5.511641313533880426e-01,-9.395892637923923194e-03,8.059038618101306284e-01,1.836377328093677708e+00,9.234629549679245031e+01
8.492457109921969227e-01,-1.301098395468831478e-02,1.266591359767419434e+00,1.924326380442902495e+00,9.125127160541568117e+01
6.936369443616120511e-01,-1.245792841407156008e-02,6.000997106865416653e-01,1.859570677465894439e+00,2.029347067703862422e+02
6.584498520049405501e-01,-1.184950634556740205e-02,2.870339600402378899e+00,1.929911822767862661e+00,2.177914592087016032e+01
6.476756727815886627e-01,-1.126958953998543830e-02,1.192435080002838523e-15,1.903189261350198169e+00,1.366456546754976102e+02
6.485941016638306911e-01,-9.944339808998146207e-03,7.135506192449481700e-11,1.908656308950689828e+00,1.999774561296349304e+02
5.913683112493980376e-01,-9.409516373641225312e-03,7.685127237634576972e-09,1.846596063991566172e+00,2.517678213576237738e+02
7.429955087301657324e-01,-1.217996940633011942e-02,6.437017223152659007e-01,1.882510234816309413e+00,1.092526985040125709e+02
6.688230219418850320e-01,-1.145478622260009439e-02,2.811183552601983988e-09,1.963757291052376619e+00,2.356321186339634721e+02
6.552000378554388993e-01,-1.074268568697693896e-02,2.121373808626425835e-13,1.960220663861013790e+00,1.566194507219746583e+02
7.064629947494768247e-01,-1.218188461802879874e-02,4.980301718234486086e-01,1.980748497782370832e+00,1.455957774440598200e+02
7.829172353529506578e-01,-1.406173226729620293e-02,2.236212046814772740e-11,1.919563721487876906e+00,1.473974258436868183e+02
8.743060235535125013e-01,-1.347447528363292756e-02,1.464771058880038668e+00,1.923905316477996896e+00,2.136495055461265078e-09
9.227303370785537862e-01,-1.457967888191004195e-02,8.381574413669662382e-01,1.946314849934403401e+00,1.179975246661660009e+02
5.442278668009471465e-01,-8.910337274205723176e-03,1.818727855708758501e+00,1.838824930581435479e+00,8.944763806235468451e+01
6.464429894073847604e-01,-1.034882180071639880e-02,7.420683712434059665e-01,1.889952929652551017e+00,1.576276404638258555e+02
6.611027571728734786e-01,-1.154074601196707420e-02,6.618826679561744530e-01,1.858103877075725885e+00,1.337974312142112012e+02
6.228867612971349388e-01,-1.020717631317639290e-02,3.330165986685280736e-11,1.925370877718344031e+00,2.155980746844398368e+02
8.162549910919417728e-01,-1.354905807794199064e-02,1.733354047461423297e+00,1.884520440682607934e+00,4.960030494771541498e+01
7.441037782520262267e-01,-1.211718201727626960e-02,1.239044208224399313e+00,1.889887754749201010e+00,1.302112638373403968e+02
7.310709671594144421e-01,-1.184577583700970743e-02,9.266706690847032776e-12,1.936715277375488098e+00,1.435711473778106892e+02
6.235942097670873485e-01,-1.033312982188745212e-02,3.348802153187953675e-15,1.960102933102396472e+00,1.021541915454055953e+02
7.409844272126918652e-01,-1.234454284310149835e-02,2.589620787686491177e+00,1.924985691440605162e+00,2.285684782025973405e+01
8.931842119120788626e-01,-1.421693920472574466e-02,1.523619314896744736e+00,1.963394568560604458e+00,5.297368467471546438e+01
8.853620927017595843e-01,-1.361865722978109622e-02,7.539855962610498841e-01,1.944059974374950706e+00,1.496272973017083245e+02
7.406282153916609046e-01,-1.335344506146661676e-02,9.761524277454377563e-01,1.947390737015573858e+00,9.076822615538566197e+01
1.029639356718130117e+00,-1.663820620030563927e-02,1.439747532138705188e-12,1.971387372940711868e+00,2.380425554004445132e+02
9.040930246173981555e-01,-1.545043578451600445e-02,2.386725359270707170e+00,1.925158686509463424e+00,5.107405902160527233e+01
6.844759804766099576e-01,-1.142985674694017330e-02,2.956367965505763085e+00,1.894990874212171050e+00,2.289969915299927001e-08
6.987720044930157970e-01,-1.280670930126053333e-02,1.538566336516574984e-01,1.982113430197612436e+00,2.268607772714856310e+02
6.509499687594468842e-01,-1.116595432016169627e-02,3.620487189666812711e+00,1.898632986556253899e+00,1.844455606217568526e-09
7.587278559702351766e-01,-1.380044084555725852e-02,2.164946260269810629e+00,1.936225822107007000e+00,3.973228960833389307e-06
6.382044777687673198e-01,-1.090328605309717411e-02,9.530479419385319284e-01,1.909675518570737918e+00,1.924055383413758307e+02
8.427693774778149960e-01,-1.483146247890218365e-02,2.031283168826967245e+00,1.960519406341032944e+00,3.093141579976442301e+01
9.175227764265848629e-01,-1.545537322099118163e-02,3.106927136954262979e-08,1.934703031638956627e+00,2.032496900012631613e+02
5.926756909520626282e-01,-9.793345530094643703e-03,1.479964220758291260e+00,1.942134622351319395e+00,8.010222017592886345e+01
7.320558714650785559e-01,-1.263597699827658308e-02,1.201469765064993478e+00,1.900054123474192336e+00,9.013336049097698321e+01
6.300522099687666522e-01,-1.186735116291246991e-02,1.214454575515264505e-14,1.960761841137253159e+00,1.442481397310109230e+02
8.580966962961885658e-01,-1.426776863658338161e-02,4.463892395367085042e-01,1.955538343805965029e+00,1.596977758458452854e+02
6.752475500694209432e-01,-1.119229718752334617e-02,1.863449407298625626e+00,1.929093855150006531e+00,1.025575011154768248e+02
8.405987484672934329e-01,-1.481762057749881796e-02,1.988779059283102502e+00,1.910963236206889793e+00,4.419793055582187691e+01
8.510657976856251805e-01,-1.403941382672613779e-02,7.610654346320157571e-12,1.920164029938147721e+00,1.586530907154500198e+02
6.036098519977193266e-01,-1.175003923684087709e-02,2.361465957816422545e+00,1.922804817362758101e+00,1.980100564198067126e+00
8.399785625432909519e-01,-1.533656690130419907e-02,9.187605319070996091e-01,1.926098716259595056e+00,1.408940039136028020e+02
7.860522894840922259e-01,-1.352071952204540739e-02,5.492329943341152099e-01,1.965941625070702692e+00,2.711178472094160838e+02
6.672014184307903939e-01,-1.235594535785630547e-02,2.052962455263985131e+00,1.965030595399275049e+00,1.152891859849425487e+02
6.978895090877444973e-01,-1.238229170470358555e-02,4.754204001725249040e-01,1.909082882839150175e+00,1.249584701924937491e+02
6.195433302583416291e-01,-1.008421333969955307e-02,1.339344789293476015e-02,1.900915107946711480e+00,2.032277119013925244e+02
4.482178220501975563e-01,-6.490456190412775307e-03,2.513882800163581296e-11,1.864766736212710052e+00,1.330344879421954545e+02
7.681027041900970742e-01,-1.279568031980132456e-02,1.649037480831131663e+00,1.886737327361769356e+00,6.508894458281019979e+01
6.822454475568865417e-01,-1.147551030171680211e-02,2.516790346658290378e+00,1.919687319047905127e+00,1.066318898793909378e-06
7.936579102295769905e-01,-1.299753013304040007e-02,6.975023001255436103e-10,1.883640042452064289e+00,1.665649703590827926e+02
9.930805867348183602e-01,-1.584920868737149310e-02,1.326523542064306449e+00,1.934935897163802654e+00,4.404446863653276978e+01
6.844768286104652155e-01,-1.236842492427258841e-02,1.223956343026652904e+00,1.942242782390199762e+00,1.666834916457289353e+02
8.248224062246399813e-01,-1.460683238001151026e-02,6.990529696403828819e-01,1.906258904576978663e+00,1.175988704068062418e+02
6.645232031520498239e-01,-1.108316850776499760e-02,3.442607241816119780e-09,1.874621401005209131e+00,1.967621326484490396e+02
6.449916772033621459e-01,-1.025761731132331100e-02,8.063033658924617653e-01,1.938816888622693524e+00,1.323412749592877447e+02
8.840321581020323949e-01,-1.442569873179864667e-02,1.656536231367566003e+00,1.935419303211826980e+00,1.062248409027215388e+02
7.098644180227422495e-01,-1.160969187788664543e-02,5.385532076968530674e-02,1.974721771260608660e+00,2.319883430135652134e+02
6.868897625106733518e-01,-1.212862340942533722e-02,2.074227575563131154e-09,1.952783215043813803e+00,2.361101570306864517e+02
7.711902338635715504e-01,-1.379900460907941724e-02,7.919360528586900649e-01,1.937473236846540381e+00,1.413406840793050492e+02
8.623952013932035809e-01,-1.366759901921925542e-02,2.971530976820181866e-18,1.945209697697987572e+00,1.761123662078587699e+02
6.821154377496063681e-01,-1.153087051963474705e-02,3.770366720572966449e-10,1.952352513191302874e+00,2.274084923620155507e+02
1.018834361021908386e+00,-1.592041114134442811e-02,2.120769146600288479e+00,1.951761828648187258e+00,9.213148733549155622e+01
7.026257683682565203e-01,-1.176039397763332245e-02,1.800851868556170077e+00,2.018487070932709848e+00,6.076619533599532019e+01
7.260853246148597506e-01,-1.371918154919903737e-02,1.863817155832213635e+00,1.938301564888417872e+00,7.884035128868828224e+01
7.653569617794869773e-01,-1.352909881055291280e-02,4.959949726663509362e-09,1.933686382358122513e+00,1.658870743382834405e+02
6.739259427070757313e-01,-1.161962409068796609e-02,3.971676477612037237e-01,1.909320090814466964e+00,2.256336081066783379e+02
7.116564775609414140e-01,-1.350543574554861730e-02,1.015273837179645477e+00,1.932375064482643179e+00,1.810375086491604009e+02
7.707205908964982477e-01,-1.325769950410604116e-02,1.795967124157877182e+00,1.914485219389265191e+00,9.283883079370889391e+01
6.378069166414496172e-01,-1.077688558699812886e-02,2.012181401391046481e-09,1.875318326711042927e+00,1.958787072199598640e+02
6.594745819298638567e-01,-1.142221803586425909e-02,2.383783665310032363e-18,1.917807291636825617e+00,1.221547434203662732e+02
6.556683695282393698e-01,-1.028635850723201919e-02,7.422001945348607466e-01,1.914289732720342974e+00,2.319822493427584504e+02
6.469172052728707767e-01,-1.135225642726082548e-02,2.232839574020233364e+00,1.970626074055875199e+00,2.909170701917738810e+01
6.842762539013904632e-01,-1.274426093184507711e-02,1.167725911690290358e-01,1.939497446458086305e+00,2.481815077999922892e+02
7.596868485252520342e-01,-1.258934539825783475e-02,1.865762365948448742e-01,1.937109831898825574e+00,1.653696747466327963e+02
5.838662268144131362e-01,-9.326740540642048521e-03,2.476841920977096656e+00,1.881347300259053723e+00,1.875601822395797011e-15
6.038566351427320233e-01,-1.066441246787118088e-02,2.026262350384370858e+00,1.941641798168229460e+00,6.675837235694244498e+01
7.360405993732879182e-01,-1.307837628697120121e-02,8.632971771391323434e-01,1.904195818861161404e+00,1.565232479039452471e+02
6.538082395010608172e-01,-1.138642304352823278e-02,2.168307149481939256e+00,1.963505725397257429e+00,7.521068532959347408e+01
7.907687506117038190e-01,-1.292726181680593257e-02,1.903328983791625671e-11,1.938130936224152334e+00,2.411261205212913126e+02
6.623936187517002194e-01,-1.179304538881014927e-02,3.457905615260075213e-09,1.907420854282770417e+00,2.032071777444028555e+02
5.315438839730879383e-01,-8.149168006642913686e-03,1.482608279273718299e+00,1.904065487787497846e+00,1.044585392502471848e+02
6.951096633599717078e-01,-1.161373812121302591e-02,1.240002552554057669e+00,1.897679731141164172e+00,1.006398628014283787e+02
8.440922535675042804e-01,-1.427160360040167532e-02,1.621374192158512084e+00,1.940935980142498352e+00,4.793563613335772544e+01
8.320582907527668270e-01,-1.329459457310807474e-02,3.064755783372394404e+00,1.947531542067393540e+00,8.204506739506058307e-08
9.093861523754972476e-01,-1.547107938716971338e-02,1.998701190600332911e+00,1.941589240129558913e+00,5.281275231493528111e+01
8.008999756823012017e-01,-1.338747784088948831e-02,1.450353649501542108e+00,1.917157974816416699e+00,1.140704118167376180e+02
8.441490648000621322e-01,-1.400899113325245957e-02,2.834311679034483333e+00,1.947683932893822689e+00,9.409584179594020270e+00
7.457209842458042415e-01,-1.281838494028280859e-02,2.686703362746891699e+00,1.955922117692102669e+00,1.522814484871720651e-06
8.167342876963472609e-01,-1.348814235850374910e-02,1.223910575500704923e+00,2.001654951792118275e+00,7.397411857598781637e+01
8.249740648798298270e-01,-1.467376865777615669e-02,8.234109565467231548e-16,1.925644803719781084e+00,1.593461530320236079e+02
9.505819247560044483e-01,-1.582330540450248985e-02,4.392372238768720650e-13,1.952006329741731161e+00,2.549318224204446324e+02
6.389313457824299380e-01,-9.598772724303868825e-03,1.882132804913225108e-14,1.873172145559426127e+00,1.689801841992819789e+02
7.467765762768033833e-01,-1.250063424681171868e-02,4.702131454313506209e-01,1.971818296182031860e+00,1.753089440816667093e+02
9.696851767047555137e-01,-1.468514333798787673e-02,3.482194337204809198e-01,1.963026195535515050e+00,2.100436028424470010e+02
7.661949086250384733e-01,-1.318178601336857797e-02,3.154998290577555320e+00,1.976093892969549293e+00,6.954599639458009924e-07
9.141611316623944328e-01,-1.399387165316660735e-02,8.281208722086746965e-01,1.964528831178810719e+00,1.126429236979978867e+02
8.234395526729059167e-01,-1.377429086648911116e-02,1.310138413941161817e+00,1.919467387016346338e+00,1.174538091943522460e+02
6.221641380814483258e-01,-1.064627993685209571e-02,1.535898027001552535e+00,1.893116728939635562e+00,9.167239716580748166e+01
7.209193849361483775e-01,-1.254859758315544568e-02,1.489196505273132354e-01,1.883103791861167942e+00,1.719887198931259036e+02
7.912626948413785666e-01,-1.304498798004006740e-02,2.220071241620986345e-11,1.932843396682233594e+00,2.450256368272791860e+02
5.019179341202478772e-01,-8.319344786114875670e-03,1.919514453173469803e+00,1.813264731478863689e+00,4.578448084364484316e+01
6.893290123397168845e-01,-1.204317064811378547e-02,3.484216551357864344e-01,1.924057917650343397e+00,1.453729734876874886e+02
6.490672569906326128e-01,-1.085977587446577616e-02,2.723836835639154685e+00,1.878385136589304505e+00,2.076564060489578267e+01
7.284986199863390244e-01,-1.317519865555906097e-02,2.516060171949910198e-08,1.904315918637724758e+00,2.243612172725343896e+02
6.893666404353080424e-01,-1.207900464363097399e-02,2.724508329881566215e+00,1.955121882573226610e+00,9.844889738515243957e-08
6.439067795736154176e-01,-1.091218333250917362e-02,1.835980326319335720e+00,1.904331880986560588e+00,1.098059428806292104e+01
6.142497477217495616e-01,-1.117126387595470359e-02,5.391631109841541272e-03,2.003664905754331205e+00,1.763543411136640486e+02
5.840955564299747937e-01,-1.016602937845763159e-02,8.873336965186606751e-01,1.895245299746280532e+00,1.215377794126427773e+02
6.135859768440369288e-01,-1.002790112255143480e-02,2.741915996855272653e+00,1.893166443654374476e+00,2.864029909773591065e+00
6.089413702903414549e-01,-1.131886634975441154e-02,1.215683314396931669e+00,1.926129186608031452e+00,7.586118760710922970e+01
1.007593646913826246e+00,-1.688039808393591162e-02,9.997045973502797223e-01,1.978308609587757338e+00,1.343190455936682781e+02
7.553836682134009717e-01,-1.318839328972437955e-02,6.200684656780501554e-11,1.926578221850220096e+00,1.102878562085177521e+02
7.078371479845824155e-01,-1.218035677881213093e-02,2.674714890099530340e+00,1.905445519223044393e+00,7.336820596084921578e-08
6.212375967781453845e-01,-1.058823623607597735e-02,1.534556611654541936e+00,1.900205895495550967e+00,1.189671564890005584e+02
6.933966598043543872e-01,-1.135707913821003452e-02,3.009149603937180750e-09,1.894844545867585328e+00,2.678705437162459475e+02
8.375367896172166704e-01,-1.451081671949256899e-02,8.802444402313632787e-01,1.990285413295246331e+00,1.033349710857073234e+02
8.280624968374586947e-01,-1.405355907584516888e-02,1.067422299446919576e+00,1.922654531879437911e+00,1.679291659115302195e+02
9.500514209497831208e-01,-1.551538941494976821e-02,5.297587330223447744e-01,1.918572070578135502e+00,1.626347260957930416e+02
6.968630918584901579e-01,-1.248750218675231428e-02,1.437029014395939219e+00,1.879001640929865991e+00,4.498528072049064974e+01
9.742808555710433804e-01,-1.450599410144484507e-02,2.265719841597509276e+00,1.993635924866980602e+00,4.660065627319648394e-09
6.242516608401150746e-01,-1.043480688408740184e-02,2.234876481729146214e+00,1.923690705012270907e+00,1.788063589910264994e+01
6.865040704108502645e-01,-1.120515232336301813e-02,2.190753246389577136e+00,1.913573948661733137e+00,1.346979754714972159e+02
6.256434584322172476e-01,-9.833300716515535819e-03,4.158333796342561595e-11,1.937145975954623012e+00,1.558049970909841591e+02
9.180284577609658658e-01,-1.556527880179470885e-02,1.228488777734904557e-09,1.936309722020480129e+00,2.022165769515936233e+02
8.459362121258584555e-01,-1.477304016460752149e-02,7.051254326126580319e-01,1.939355314516235662e+00,1.063392830754804947e+02
6.046915494502138610e-01,-1.046159910304541273e-02,4.627019930260982681e-11,1.968103296932107060e+00,2.396037952860570499e+02
8.016597551782794762e-01,-1.330545094665191996e-02,1.241145638495013026e+00,1.927760506136264151e+00,1.268559275571185623e+02
6.279657485040404108e-01,-1.162524976481943070e-02,9.845286796764830539e-01,1.895369558929951070e+00,9.379577214630199933e+01
1.038861947450074208e+00,-1.657207816675573472e-02,1.714681346173165144e+00,2.006538939274540745e+00,7.799879618887229071e+01
6.497320473720696876e-01,-1.084310891141037139e-02,1.372363768818519514e+00,1.848968753030110213e+00,1.318399365046496712e+02
6.372433401523591723e-01,-1.122581438415881823e-02,1.595067316132771307e+00,1.863294818615596871e+00,1.284717453177185291e+02
8.828447913332463370e-01,-1.552478263877392003e-02,6.867468840131017993e-01,1.940088340192707594e+00,1.875720514856978127e+02
5.851345570387980199e-01,-9.660097079371141038e-03,1.818684946967334071e+00,1.882708192411756132e+00,1.104127733283050219e+02
5.848324896324567090e-01,-1.098198581639244636e-02,1.145516725746776432e+00,1.928441909050687464e+00,1.441960422011756293e+02
6.399898061105581126e-01,-1.080632473739288717e-02,1.373615119025014542e-01,1.982657999196478116e+00,1.953213985160754476e+02
6.579595084046698794e-01,-1.235647435627813817e-02,2.305398864899644629e+00,1.877302298540448389e+00,6.298469181990884636e+01
7.547331595568571583e-01,-1.261902596545115204e-02,2.164947362378559781e+00,1.882705265852224086e+00,5.671048977237909128e+01
6.146030514999235583e-01,-9.978895133342470525e-03,1.360826757275680921e+00,1.832953515193255889e+00,1.590833389481924769e+02
7.332919462931883903e-01,-1.289012489141443465e-02,1.047112501346794788e+00,1.951752222366081480e+00,1.591321049417646520e+02
8.216039341590414269e-01,-1.397492846881465481e-02,1.585524005767573019e+00,1.915288582263156014e+00,6.526855989642825762e+01
7.615917886839599360e-01,-1.262027092970099788e-02,2.448964691005764145e-09,1.885390100156492554e+00,1.301596469275137622e+02
6.886641762504844833e-01,-1.217173162938326239e-02,2.197574974996871600e+00,1.941361661361445501e+00,2.644133700995888958e+01
8.707581426753326914e-01,-1.510307787556972731e-02,3.556536775428820779e-10,1.911170556636408335e+00,2.417844888613418561e+02
1.110003897533913042e+00,-1.824961603874954846e-02,1.291699346744734633e+00,1.948870636171466053e+00,1.680037119997003003e+02
7.568859651650281517e-01,-1.301589390313182860e-02,5.272121091367422130e-01,1.962802984203205314e+00,9.062890885396642204e+01
6.597746743781783829e-01,-1.180897316892361507e-02,3.208177336757319864e+00,1.918109858654696964e+00,2.145053933016998471e+01
1.013591121906552983e+00,-1.608841512485186670e-02,1.739669536297522301e-01,1.984267494975266333e+00,1.524300547902843732e+02
8.559864818965744471e-01,-1.318707099144435929e-02,1.526675939517523783e+00,1.914220782146054844e+00,7.210217497144030574e+01
6.547041528123958010e-01,-1.124927917018607969e-02,9.340844914776850194e-01,1.883194389280462566e+00,1.500839927143681223e+02
6.149156174708321210e-01,-1.166932498249784178e-02,1.952707015090865639e+00,1.924271307505952322e+00,9.738912968252681424e+01
7.199589204642750095e-01,-1.300312735034211964e-02,2.058045676088245735e+00,1.965209335127927837e+00,7.635062455809020209e-08
5.913154470027116583e-01,-1.005346936617861585e-02,1.917877121419768738e+00,1.904865723979484837e+00,7.325346255896882042e+01
7.263433162405510402e-01,-1.252838924119435704e-02,2.244671917685742812e+00,1.966220465269363116e+00,4.396550688272171379e-08
6.906339531355653039e-01,-1.113679531260447844e-02,2.685551664743054922e-09,1.903141109613561088e+00,1.619690319942120311e+02
7.662917308993929533e-01,-1.327767198880052020e-02,1.107192220246105737e-08,1.902557379756757427e+00,2.408194070772096609e+02
6.262615888610185699e-01,-1.167043377486668733e-02,1.851929774126196193e+00,1.911361533522750955e+00,1.082766003671252975e+02
8.416264809953194481e-01,-1.468615324232064659e-02,2.856091639202396060e+00,1.992431345479383387e+00,7.829324199329930043e-09
7.432833502220002053e-01,-1.253213186715257041e-02,2.176262362766133496e+00,1.887469456312351079e+00,5.980105481743441231e+01
7.665121887780610432e-01,-1.295034709738367325e-02,5.599091293028192196e-01,1.931656331308150731e+00,2.081984388525219742e+02
6.277969513331000950e-01,-1.085680146853530356e-02,4.155711212455946106e-09,1.942665291785144355e+00,2.282492691084070771e+02
5.143653222470407904e-01,-8.466288390988334356e-03,2.266584890872706381e-12,1.872857075711302111e+00,1.763938184191619598e+02
5.865392608718660306e-01,-9.725826626486652401e-03,1.057029621105584072e+00,1.905266919656964042e+00,1.569792161687478540e+02
6.136006773010200810e-01,-1.053465797015464347e-02,8.148585998168658140e-01,1.963635862580827007e+00,3.040671876411838070e+01
6.848518895239331661e-01,-1.179202752088987123e-02,1.394187030955972961e+00,1.906931544830777758e+00,1.456748137090420698e+02
8.094585683938790854e-01,-1.302229439747832132e-02,9.438060521474582742e-01,1.897573211390200187e+00,9.419209592633170303e+01
7.986152149244853948e-01,-1.343507695232488107e-02,1.660629481469346302e+00,1.900329450039038637e+00,3.575525467776184030e+01
7.450685278495395858e-01,-1.233522437853395125e-02,4.717528886163673274e-01,1.902646001887288607e+00,2.084479188144175907e+02
7.877853045281864031e-01,-1.284277335724911054e-02,1.495119626006173652e+00,1.995089158477707514e+00,2.881340086147778035e+00
7.504810267599322238e-01,-1.326867758776182141e-02,2.472806024905807476e+00,1.897037154032418460e+00,1.629388695575140015e-06
6.580397983742976020e-01,-1.197211936594800782e-02,7.366484949406102836e-09,1.902279442193531844e+00,1.477563802419378760e+02
7.885054352598983574e-01,-1.402007749924449008e-02,1.544708152356356181e-12,1.942663638818980854e+00,2.495266964835792294e+02
6.631145877756865481e-01,-1.094710655880598051e-02,4.878386954501080092e-02,1.900295961523385646e+00,1.887040803653190437e+02
7.457919367569466607e-01,-1.267563534255871684e-02,1.958117825542345036e+00,1.901951529067036573e+00,8.885440605384526691e+01
6.363438933505490835e-01,-1.166875553136699668e-02,1.743789574750893356e+00,1.929629597603572444e+00,9.856783824882661804e+01
6.033897590544490264e-01,-1.030745225655253783e-02,2.589221571890688356e+00,1.957276405171703759e+00,1.506305650309773721e-13
7.483015848335889952e-01,-1.285863805591322927e-02,1.994618208911261847e+00,1.958512107391758184e+00,7.017593549437347461e-08
9.157792365134722612e-01,-1.577174042075752541e-02,1.239244184376472768e+00,1.944370208575833869e+00,9.478245169782687185e+01
6.152571853366201049e-01,-1.060044480743958101e-02,5.001178618791259911e-01,1.875549090795689100e+00,5.510763735763672599e+01
6.506106526061792295e-01,-1.077412350231642113e-02,2.693454763474898872e+00,1.888859528466146465e+00,1.736627360860955852e-07
5.986483050473344614e-01,-9.296405140228666125e-03,8.293927987611890984e-01,1.916224479299982519e+00,1.373867251789243937e+02
6.274511620976492843e-01,-1.091832079538050150e-02,2.179900921018895765e+00,1.959180442202353989e+00,2.680998514291764080e-08
7.665571971241411653e-01,-1.316305536664042625e-02,3.989465780018415787e-08,1.871695582745450448e+00,1.970386041067555425e+02
4.572904048856612502e-01,-6.972302373370548555e-03,4.095347081327409544e-01,1.902983925232941242e+00,1.837227939326345449e+02
8.840177542055551729e-01,-1.494314446788059039e-02,1.724519171284938590e+00,1.885727817639285986e+00,5.232477890061083770e+01
5.173763575452620112e-01,-8.690869454163257721e-03,1.863476638457102874e+00,1.854959158907505623e+00,6.053578876186701763e+01
8.683317123216509614e-01,-1.400161145350179576e-02,1.077614907083606521e+00,1.936507489721441377e+00,5.221133114854916357e+01
8.411852273778177569e-01,-1.361197610477066049e-02,1.861139259116246780e+00,1.920907739911494438e+00,8.292403004883961160e+01
6.333461753205665845e-01,-1.066590738784240801e-02,7.806745493948154645e-11,1.913970083731074245e+00,2.523740525571296587e+02
7.154691164632280831e-01,-1.393009774115547446e-02,5.877492337833490704e-16,1.916138586568534530e+00,2.088436393827914230e+02
7.844315012256239950e-01,-1.397571331178994007e-02,5.454781441617114792e-09,1.934630528901397417e+00,2.160813763000066388e+02
1.048580235926624971e+00,-1.708513204049310480e-02,1.094488624271010790e+00,1.967507405083603667e+00,1.601975884256177096e+02
4.762385452557285070e-01,-7.392665611929201408e-03,1.283223518660900675e+00,1.819241578256755476e+00,1.308819269641336689e+02
6.270537565197923380e-01,-1.044198903209998981e-02,2.353430252159061542e+00,1.953411698851989842e+00,5.225799783078969796e+01
8.565259967784674133e-01,-1.491240082875823145e-02,1.117243923958598728e+00,1.942965079681082008e+00,4.339072562829145596e+01
9.606907880216304374e-01,-1.569829668793944893e-02,2.499749293476293932e+00,1.961275200001647123e+00,4.519610312436559951e+01
6.976264813280158572e-01,-1.040922985184173852e-02,1.742924172451861820e+00,1.902431033839125263e+00,4.820433524599061376e-08
7.483002135763534568e-01,-1.319276327115970898e-02,1.176758622518834896e-09,1.923818262150617020e+00,2.784918424966022030e+02
7.217596524959927207e-01,-1.209504475666934621e-02,8.249964974313559463e-01,1.902852669558079191e+00,1.770310481827193598e+02
7.573071288114772148e-01,-1.246146017867216273e-02,8.779808742523087517e-01,1.980377489142944869e+00,1.622978819122129437e+02
5.901924939251741442e-01,-1.038480216952546165e-02,1.603187804844151243e+00,1.984800617204644624e+00,6.863517477958872348e+01
7.182970920876340370e-01,-1.265921709216114022e-02,6.079040615797225433e-01,1.905028883381833626e+00,1.624114836642019952e+02
6.781114870405082762e-01,-1.183206010893578415e-02,1.218822618110290357e+00,1.857702728095667499e+00,9.262678088187443848e+01
6.568012296255022475e-01,-1.208410567584174838e-02,3.768756244771383560e-21,1.900519101464221983e+00,9.002188294289766191e+01
6.979183422805717019e-01,-1.135293931778735659e-02,2.009910000514996964e-01,1.928173247705146531e+00,2.442278020443610274e+02
5.876449483400087992e-01,-9.922492090971362158e-03,2.146912819103627967e-01,1.901014037574725091e+00,2.185108060799247767e+02
6.899256869145931059e-01,-1.271422581262901357e-02,2.047817193318509865e+00,1.935931399653906260e+00,3.152866114307011713e+01
6.931480944721202242e-01,-1.097842557169697447e-02,7.451987852373159749e-01,1.908782442089733467e+00,1.351171547692009938e+02
5.586838776017174490e-01,-9.211121510208707813e-03,9.965650348718850179e-03,1.846813602393094111e+00,1.596207818693395097e+02
5.683860559604388962e-01,-8.226765829104970909e-03,1.872498723339062434e-10,1.874154728980671702e+00,2.424172307179087795e+02
7.591218721538218750e-01,-1.227718631624399349e-02,2.280591482357425814e+00,1.926098376742209073e+00,1.068090377519636921e-07
9.286581386345744704e-01,-1.583383033833686560e-02,1.555193330961552434e+00,1.967689884819043389e+00,1.918377684238351932e+01
1.026248043788594577e+00,-1.621324093106392070e-02,2.617861570845170793e-01,1.938638581427118535e+00,2.308101083784654008e+02
8.518360238835336329e-01,-1.426759138526496537e-02,1.838008908787522433e+00,1.926323089937194144e+00,3.876020609374334924e+01
8.640688942752852153e-01,-1.459962558220892145e-02,1.170184320816336054e+00,1.970152379796770381e+00,1.461904359519334378e+02
6.092076676439011074e-01,-1.053077767828155403e-02,2.705985826988971168e-11,1.904735368657703987e+00,2.119789228068918021e+02
6.805398553642664217e-01,-1.135583571925223231e-02,7.594178226168818435e-01,1.843242664529728403e+00,1.353264919178116941e+02
7.364901120529299128e-01,-1.259248479138644176e-02,2.764492654200689348e+00,1.949811968776970605e+00,9.131492346843985135e-08
7.459074638016572889e-01,-1.320086483149424811e-02,2.220203089852343936e+00,1.907592218044175114e+00,5.193282307803585951e+01
7.235906843686398249e-01,-1.311063262767674618e-02,1.984172382807319002e+00,1.944651390756329867e+00,3.790836967381249423e+01
5.694113596719555526e-01,-9.694518041102115694e-03,1.849941750683144592e+00,1.861547409717074997e+00,7.513561977454696716e+01
6.854952490921923935e-01,-1.129254914863911559e-02,2.322044499785347771e+00,1.960246242049086707e+00,5.794799167593123634e+00
6.807385542116075605e-01,-1.216428916632072976e-02,1.898819507654888050e-01,1.943413560847566002e+00,1.778043359747058503e+02
7.955463795921375869e-01,-1.390208215473480967e-02,5.879535532805695297e-01,1.978933782277153997e+00,1.421147933633240541e+02
6.316947769326024531e-01,-1.003085324701875371e-02,1.898819817553174559e-10,1.940050977827316503e+00,1.868666043348434300e+02
8.622284815322154294e-01,-1.453269713874545677e-02,1.704608133240896883e+00,1.949505969035140840e+00,1.475347124078511740e+02
8.151490783450907607e-01,-1.408108361228119394e-02,2.362835632386337092e+00,1.958207211659627189e+00,3.526976834911733851e-09
8.486719418996621078e-01,-1.450221990436329107e-02,1.505354842631250856e+00,1.936144029453002124e+00,4.612030426656928483e+01
8.490286244122150494e-01,-1.521444417317154192e-02,1.489257370809668801e+00,1.927803259760179300e+00,9.920965022706118930e+01
6.334263024572471812e-01,-1.102640985827053020e-02,1.420928329093321674e+00,1.888619193742992364e+00,1.341773803348552008e+02
9.302092038954059561e-01,-1.494180863897672483e-02,6.020497518359421638e-14,1.948241841480125469e+00,1.875671381901958625e+02
6.869169781242311368e-01,-1.099452542660970741e-02,3.051318525021493937e-11,1.929837004181935045e+00,1.302329481026376357e+02
1.085493779516264468e+00,-1.640237332219212502e-02,8.393689671066021374e-01,1.971137975266879838e+00,1.905684210025256107e+02
4.683761885704978423e-01,-7.275220045733055141e-03,8.846344991254876389e-01,1.875100808668064944e+00,1.282998086918476019e+02
9.386563057330875592e-01,-1.520002265319505934e-02,8.070597382166102562e-01,1.969450630398430269e+00,8.451234290640506686e+01
7.534689870103229437e-01,-1.366898665314800199e-02,1.159350742633501907e+00,1.928717325139050365e+00,8.528572522207855400e+01
7.687783923465619784e-01,-1.300401322826335096e-02,1.194904918660764537e+00,1.942864516090027749e+00,1.019145209409889077e+02
6.097926273054743440e-01,-9.890846235004439532e-03,1.108181210285949625e+00,1.875937799659761263e+00,8.819643121895511229e+01
8.314337049374026511e-01,-1.457046610210452342e-02,1.624663726193865898e+00,1.954480234550946882e+00,7.402199801162480242e+01
8.211775249056937342e-01,-1.389965915650478133e-02,1.998010203296025633e-01,1.949341539096592912e+00,1.190244652747034877e+02
6.933843636753570516e-01,-1.195672433493802367e-02,9.268459379342439686e-01,1.949397529134748064e+00,1.449264118406699140e+02
7.574357192980857301e-01,-1.215797370411267515e-02,1.185575199733841956e+00,1.869079741303115050e+00,9.984830553461746661e+01
6.846331160986767195e-01,-1.191726642751094953e-02,2.631854143257296830e+00,1.868792696287248978e+00,7.828627320992198690e+01
7.905045970579802628e-01,-1.418090451446531002e-02,3.553495560512990314e-01,1.943895321705778612e+00,1.925334283134868087e+02
5.067029033442587149e-01,-9.180202369014383440e-03,2.979928391157498985e-20,1.894154173444689171e+00,1.561707831081713209e+02
7.136491891980847324e-01,-1.376062518792883077e-02,2.392188036208389712e-01,1.946169337203104366e+00,2.281605214268500390e+02
8.045981681877729663e-01,-1.390304927807002600e-02,7.303978262345328654e-02,1.942210100741023515e+00,2.294505272806541143e+02
5.495331081254249961e-01,-8.825870585420735742e-03,1.116975581349413549e+00,1.908857763971752997e+00,8.007050837772582952e+01
7.123687641884560717e-01,-1.201896909348905765e-02,1.384510550596452338e+00,1.941760380788309037e+00,6.118914518838905536e+01
5.738040558303506566e-01,-1.004832404006963768e-02,3.271921046439567160e+00,1.903508061098533100e+00,6.932301578501369944e-11
9.028664005316977548e-01,-1.629865099267023554e-02,8.282691081918547304e-01,1.916423049884963925e+00,1.184570996232163083e+02
6.355198746871888460e-01,-1.061180261274970692e-02,4.407559912548704717e-01,1.966287785792064868e+00,2.047973341589230358e+02
6.807535432889663118e-01,-1.179747936937497119e-02,2.174720348004000936e+00,1.964023774625616170e+00,1.014034050654193777e+02
6.977512647264231260e-01,-1.181707918304858440e-02,1.169634137262778983e+00,1.953176895885899267e+00,1.287178723707372399e+02
7.800534526751556896e-01,-1.287752231533379962e-02,2.077906631662241321e-01,1.957187317641470692e+00,1.744708704491958997e+02
8.083396603693532301e-01,-1.326483781693307828e-02,1.451659752393950287e+00,1.942088363595473099e+00,4.368610570903229728e+01
5.433115839247213419e-01,-8.284651607645944493e-03,1.165304390345700825e-01,1.850516377858125949e+00,1.728005187569228838e+02
8.069601292853741947e-01,-1.316226977413632870e-02,1.357475058405035240e+00,1.883794254182845629e+00,8.449298671622969437e+01
9.377937339496330571e-01,-1.588873056869306855e-02,2.007987026456439228e+00,1.979140523041665434e+00,3.452477455332693523e+01
1.078958864504064197e+00,-1.801704235518421238e-02,2.052586249560635956e+00,1.961248720159151082e+00,5.596063611191083283e-17
7.427267175927633192e-01,-1.291057784561439742e-02,1.814008446497518356e+00,1.948363184926543701e+00,4.594693434023524148e+00
7.600462162642103170e-01,-1.246339367277991828e-02,1.917020061523898367e+00,1.979927161523468593e+00,3.828798001955171060e+01
7.057524863154214234e-01,-1.224082929920850341e-02,1.746765078423355044e+00,1.912793083653560933e+00,7.171163167135867411e+01
6.863820464843977120e-01,-1.129122303107809797e-02,7.884309686099771897e-01,1.871463812118968839e+00,1.719644234317960638e+02
9.288707866685103065e-01,-1.509692500526674426e-02,2.782513649205861306e+00,1.931482581658847009e+00,6.850728447228587470e+01
8.774171100030584425e-01,-1.381326661693979031e-02,2.009454799723315865e+00,1.952424101240781251e+00,6.973034410462672383e+01
7.433841049817376812e-01,-1.227943392699821883e-02,3.203710588323835928e-01,1.907462733633902507e+00,1.482973586158995829e+02
1.035348118989443789e+00,-1.625046286711364849e-02,7.032043498151760996e-01,1.983262553534698380e+00,1.596022434930681584e+02
9.153755550701545562e-01,-1.485624438255025298e-02,2.742884899766751539e-01,1.922945953152255250e+00,1.566363066509237001e+02
7.951347118991526353e-01,-1.333897142562387450e-02,1.723420311752335676e+00,1.915687137135031914e+00,1.179704986915533498e-07
6.101265332665088970e-01,-1.114501219258084985e-02,2.344763997631015120e-10,1.966628523427636166e+00,1.664719863728248015e+02
8.425292233106300710e-01,-1.427247485845252635e-02,1.451847487194711128e+00,1.945243430034659271e+00,4.848231271718545798e+01
6.653672715650036373e-01,-1.274261665392023221e-02,4.919547542353520993e-10,1.947571660856156628e+00,1.861154839683416640e+02
7.642990405224520112e-01,-1.337983107313157199e-02,1.350938236007488413e+00,1.904868162616388139e+00,1.666443436082677749e+02
7.223748949043455880e-01,-1.286636440413451050e-02,1.941901958185119348e+00,1.881287955271436774e+00,6.897324058540682756e+01
6.503329605719653239e-01,-1.078003175016078834e-02,1.583360452447978961e+00,1.837515493825991664e+00,1.497957003431273222e+02
6.589465072478479790e-01,-1.135048020886307227e-02,1.303947795762061546e+00,1.917089721914987610e+00,1.061189433357585727e+02
6.672713434564944146e-01,-1.135439768434160987e-02,1.658816708893631642e+00,1.915312695008310140e+00,2.221222903638030388e+01
7.143121736089775853e-01,-1.063843928711122669e-02,2.337321655119831476e+00,1.983001304037445234e+00,1.862142541398324843e-08
6.291944364409020052e-01,-1.093490754410775256e-02,1.634431891685445004e+00,1.887812274749487873e+00,1.161076298555069712e+02
7.449553790005509768e-01,-1.298598768663186860e-02,3.096277196573855139e+00,1.891287614397141104e+00,2.764719206047979938e+00
6.137713808387620373e-01,-1.019241102231589931e-02,1.966526544594463743e+00,1.944631355464561118e+00,1.886548518103652583e+01
6.349977401417028489e-01,-1.095073208372495353e-02,6.893295545888057374e-01,1.943598604685062847e+00,9.426180718293990424e+01
7.838373083730884039e-01,-1.379199194943339993e-02,2.408525066900352840e+00,1.879789707486042571e+00,7.211208946068606451e+01
7.903233539182232814e-01,-1.281406829867588575e-02,1.784009581459332638e+00,1.927359976275677456e+00,1.085461350900721413e+02
6.811179065487461548e-01,-1.188238986522578179e-02,1.888369754038579984e+00,1.829419046145418726e+00,1.197373948221914475e+02
6.249676435557076637e-01,-1.067321604043511979e-02,3.409676985964178128e-10,1.917590090687470106e+00,2.889763140664039156e+02
7.728451812544248067e-01,-1.219095978349096429e-02,5.061381932612059042e-01,1.907840648475759959e+00,1.241564621859832300e+02
6.993362705267646140e-01,-1.173274728911286383e-02,4.646297508741998872e-01,1.886701807608616610e+00,2.213044928616614300e+02
8.980005362635394839e-01,-1.516713692657604799e-02,1.641545313169374243e+00,1.940883134260199094e+00,5.198339574186860546e+01
8.886272023832303413e-01,-1.455627675628175417e-02,7.256419024681362018e-01,1.928232579326884188e+00,1.822112248157748411e+02
7.865111747821301735e-01,-1.242959494676543729e-02,1.732793819567749249e+00,1.872947405858526482e+00,7.816106127521788949e+01
7.328825124006982383e-01,-1.245272676281145886e-02,8.587617760124398592e-01,1.903013817533871554e+00,1.286015510105597741e+02
